City_Council_District,ARREST_YEAR,#_ARRESTS,ARREST_CHANGE
1.0,2006,12397,
1.0,2007,13581,9.550697749455514
1.0,2008,13558,-0.16935424490096457
1.0,2009,14210,4.80896887446526
1.0,2010,14050,-1.1259676284306825
1.0,2011,14558,3.615658362989324
1.0,2012,14961,2.7682373952466
1.0,2013,14104,-5.728226722812646
1.0,2014,13531,-4.062677254679524
1.0,2015,12687,-6.237528637942502
1.0,2016,12018,-5.273114211397494
1.0,2017,10964,-8.770178066233983
1.0,2018,9679,-11.720175118569864
1.0,2019,8823,-8.843888831490856
1.0,2020,4960,-43.78329366428652
1.0,2021,5679,14.495967741935484
1.0,2022,7341,29.265715795034335
1.0,2023,3912,-46.710257458111975
2.0,2006,7822,
2.0,2007,8467,8.2459728969573
2.0,2008,8434,-0.3897484351009803
2.0,2009,9143,8.406450082997392
2.0,2010,9925,8.552991359510008
2.0,2011,11007,10.90176322418136
2.0,2012,10652,-3.2252203143454166
2.0,2013,10181,-4.421704844160721
2.0,2014,9518,-6.512130439053138
2.0,2015,9387,-1.376339567135953
2.0,2016,7759,-17.34313412165761
2.0,2017,6939,-10.568372212914037
2.0,2018,5639,-18.734687995388384
2.0,2019,4710,-16.47455222557191
2.0,2020,2981,-36.70912951167728
2.0,2021,3650,22.442133512244215
2.0,2022,4366,19.616438356164384
2.0,2023,2194,-49.748053137883645
3.0,2006,21611,
3.0,2007,21644,0.15270001388181945
3.0,2008,22107,2.139160968397708
3.0,2009,22970,3.9037408965486047
3.0,2010,21915,-4.592947322594688
3.0,2011,21172,-3.390371891398585
3.0,2012,20842,-1.558662384281126
3.0,2013,23704,13.731887534785528
3.0,2014,24171,1.9701316233547082
3.0,2015,21195,-12.312275040337594
3.0,2016,18220,-14.036329322953527
3.0,2017,16365,-10.181119648737651
3.0,2018,13731,-16.095325389550872
3.0,2019,11056,-19.481465297502
3.0,2020,6764,-38.8205499276411
3.0,2021,9124,34.89059727971615
3.0,2022,10634,16.549758877685225
3.0,2023,6193,-41.76227195787098
4.0,2006,8500,
4.0,2007,9398,10.564705882352941
4.0,2008,8517,-9.374334964886145
4.0,2009,9310,9.310790184337208
4.0,2010,10312,10.762620837808807
4.0,2011,9535,-7.534910783553142
4.0,2012,8698,-8.778185631882538
4.0,2013,8518,-2.0694412508622673
4.0,2014,8686,1.9722939657196525
4.0,2015,7687,-11.501266405710338
4.0,2016,7075,-7.961493430467022
4.0,2017,7050,-0.35335689045936397
4.0,2018,5768,-18.184397163120565
4.0,2019,5108,-11.44244105409154
4.0,2020,2912,-42.991386061080654
4.0,2021,3080,5.769230769230769
4.0,2022,4418,43.44155844155844
4.0,2023,2316,-47.57808963331824
5.0,2006,1623,
5.0,2007,1792,10.412815773259396
5.0,2008,1477,-17.578125
5.0,2009,1421,-3.7914691943127963
5.0,2010,1477,3.9408866995073892
5.0,2011,1538,4.129993229519296
5.0,2012,1639,6.566970091027308
5.0,2013,1438,-12.263575350823674
5.0,2014,1387,-3.546592489568846
5.0,2015,1250,-9.877433309300649
5.0,2016,1356,8.48
5.0,2017,1323,-2.433628318584071
5.0,2018,911,-31.141345427059715
5.0,2019,958,5.159165751920966
5.0,2020,614,-35.908141962421716
5.0,2021,659,7.32899022801303
5.0,2022,834,26.555386949924127
5.0,2023,443,-46.882494004796165
6.0,2006,4229,
6.0,2007,4869,15.133601324190115
6.0,2008,4832,-0.7599096323680428
6.0,2009,5024,3.9735099337748347
6.0,2010,4924,-1.9904458598726114
6.0,2011,4465,-9.321689683184402
6.0,2012,4070,-8.846584546472565
6.0,2013,3960,-2.7027027027027026
6.0,2014,4084,3.1313131313131315
6.0,2015,3696,-9.500489715964742
6.0,2016,3145,-14.90800865800866
6.0,2017,3072,-2.3211446740858506
6.0,2018,2598,-15.4296875
6.0,2019,2100,-19.168591224018474
6.0,2020,1319,-37.19047619047619
6.0,2021,1590,20.54586808188021
6.0,2022,1744,9.685534591194969
6.0,2023,897,-48.56651376146789
7.0,2006,9345,
7.0,2007,10501,12.370251471375067
7.0,2008,9658,-8.027806875535664
7.0,2009,11016,14.060882170221578
7.0,2010,9656,-12.345679012345679
7.0,2011,9569,-0.9009942004971003
7.0,2012,9618,0.5120702267739575
7.0,2013,9887,2.796839259721356
7.0,2014,8304,-16.01092343481339
7.0,2015,7123,-14.222061657032755
7.0,2016,6607,-7.244138705601573
7.0,2017,5365,-18.798244286362948
7.0,2018,4574,-14.743709226467846
7.0,2019,4071,-10.9969392216878
7.0,2020,2903,-28.690739376074674
7.0,2021,3645,25.559765759559077
7.0,2022,4096,12.373113854595335
7.0,2023,2098,-48.779296875
8.0,2006,17435,
8.0,2007,18258,4.7203900200745625
8.0,2008,18575,1.7362252163435208
8.0,2009,18815,1.2920592193808884
8.0,2010,18620,-1.0364071219771458
8.0,2011,17521,-5.902255639097744
8.0,2012,17861,1.9405285086467667
8.0,2013,17383,-2.6762219360618107
8.0,2014,17606,1.282862566875683
8.0,2015,15913,-9.616039986368284
8.0,2016,14437,-9.27543517878464
8.0,2017,12575,-12.897416360739767
8.0,2018,10370,-17.53479125248509
8.0,2019,9578,-7.6374156219865
8.0,2020,6092,-36.39590728753393
8.0,2021,6120,0.4596191726854892
8.0,2022,8267,35.08169934640522
8.0,2023,4954,-40.07499697592839
9.0,2006,17938,
9.0,2007,19354,7.893856617237151
9.0,2008,20440,5.611243153870001
9.0,2009,21555,5.454990215264187
9.0,2010,20705,-3.9434006031083277
9.0,2011,19807,-4.337116638493117
9.0,2012,19381,-2.1507547836623413
9.0,2013,19696,1.6253031319333366
9.0,2014,18693,-5.0924045491470356
9.0,2015,15852,-15.198202535708555
9.0,2016,14752,-6.939187484229119
9.0,2017,11918,-19.210954446854664
9.0,2018,9236,-22.503775801308944
9.0,2019,8390,-9.159809441316586
9.0,2020,5266,-37.23480333730632
9.0,2021,6320,20.015191796429928
9.0,2022,6807,7.705696202531645
9.0,2023,3453,-49.272807404142796
10.0,2006,10111,
10.0,2007,11766,16.36831173968945
10.0,2008,11295,-4.003059663437022
10.0,2009,10971,-2.8685258964143427
10.0,2010,10516,-4.147297420472154
10.0,2011,10326,-1.8067706352225184
10.0,2012,10188,-1.336432306798373
10.0,2013,9734,-4.456223007459757
10.0,2014,9734,0.0
10.0,2015,8090,-16.88925416067393
10.0,2016,7767,-3.992583436341162
10.0,2017,7042,-9.334363332045834
10.0,2018,5466,-22.380005680204487
10.0,2019,4737,-13.336992316136115
10.0,2020,2868,-39.455351488283725
10.0,2021,3208,11.85495118549512
10.0,2022,3900,21.571072319201996
10.0,2023,2772,-28.923076923076923
11.0,2006,4578,
11.0,2007,5570,21.66885102664919
11.0,2008,5900,5.9245960502693
11.0,2009,8035,36.186440677966104
11.0,2010,11045,37.461107654013695
11.0,2011,10254,-7.161611588954278
11.0,2012,7556,-26.311683245562705
11.0,2013,6096,-19.322392800423504
11.0,2014,6406,5.085301837270341
11.0,2015,5541,-13.502965969403686
11.0,2016,5280,-4.710341093665403
11.0,2017,4886,-7.462121212121212
11.0,2018,4376,-10.437986082685223
11.0,2019,3898,-10.923217550274222
11.0,2020,2776,-28.78399179066188
11.0,2021,2959,6.592219020172911
11.0,2022,3415,15.410611693139575
11.0,2023,1778,-47.93557833089312
12.0,2006,5658,
12.0,2007,6480,14.528101802757156
12.0,2008,6666,2.8703703703703702
12.0,2009,6819,2.295229522952295
12.0,2010,6808,-0.16131397565625458
12.0,2011,6461,-5.096944770857814
12.0,2012,5965,-7.67683021204148
12.0,2013,6300,5.616093880972339
12.0,2014,6360,0.9523809523809524
12.0,2015,5854,-7.955974842767295
12.0,2016,5404,-7.6870515886573285
12.0,2017,5342,-1.147298297557365
12.0,2018,4974,-6.888805690752527
12.0,2019,4361,-12.324085243264978
12.0,2020,2937,-32.6530612244898
12.0,2021,3327,13.278855975485188
12.0,2022,3554,6.822963630898708
12.0,2023,2165,-39.08272369161508
13.0,2006,3903,
13.0,2007,4124,5.6623110427876
13.0,2008,4493,8.947623666343356
13.0,2009,4398,-2.1144001780547517
13.0,2010,4546,3.365165984538426
13.0,2011,4533,-0.28596568411790585
13.0,2012,4721,4.14736377674829
13.0,2013,4720,-0.021181952976064393
13.0,2014,4820,2.11864406779661
13.0,2015,4048,-16.016597510373444
13.0,2016,4497,11.09189723320158
13.0,2017,4403,-2.0902824104958864
13.0,2018,4276,-2.884397002044061
13.0,2019,3667,-14.242282507015902
13.0,2020,2484,-32.26070357240251
13.0,2021,2410,-2.9790660225442833
13.0,2022,3096,28.46473029045643
13.0,2023,1947,-37.1124031007752
14.0,2006,12923,
14.0,2007,14578,12.806623848951482
14.0,2008,14638,0.4115790917821375
14.0,2009,13705,-6.373821560322448
14.0,2010,13572,-0.970448741335279
14.0,2011,12270,-9.593280282935455
14.0,2012,10943,-10.814995925020375
14.0,2013,9560,-12.638216211276616
14.0,2014,9094,-4.874476987447698
14.0,2015,6797,-25.258412139872444
14.0,2016,5971,-12.1524201853759
14.0,2017,5889,-1.3733043041366604
14.0,2018,5615,-4.652742401086772
14.0,2019,4382,-21.959038290293854
14.0,2020,3066,-30.031948881789138
14.0,2021,3146,2.609262883235486
14.0,2022,3267,3.8461538461538463
14.0,2023,1900,-41.84266911539638
15.0,2006,10950,
15.0,2007,13621,24.39269406392694
15.0,2008,13721,0.7341604874825637
15.0,2009,13684,-0.2696596457984112
15.0,2010,13655,-0.21192633732826657
15.0,2011,12555,-8.055657268399854
15.0,2012,12401,-1.2266029470330544
15.0,2013,12281,-0.967663898072736
15.0,2014,12397,0.9445484895366827
15.0,2015,10532,-15.043962248931193
15.0,2016,9804,-6.912267375617167
15.0,2017,9261,-5.538555691554468
15.0,2018,8548,-7.698952596911781
15.0,2019,7114,-16.77585400093589
15.0,2020,4899,-31.13578858588698
15.0,2021,4742,-3.204735660338845
15.0,2022,7461,57.33867566427667
15.0,2023,4387,-41.200911405977756
16.0,2006,11838,
16.0,2007,13522,14.225375908092582
16.0,2008,13372,-1.1093033574914952
16.0,2009,14507,8.487885133113968
16.0,2010,15359,5.873026814641208
16.0,2011,14471,-5.781626407969269
16.0,2012,12507,-13.571971529265427
16.0,2013,12276,-1.8469656992084433
16.0,2014,11130,-9.335288367546433
16.0,2015,10959,-1.5363881401617252
16.0,2016,9286,-15.265991422575054
16.0,2017,8289,-10.736592720223994
16.0,2018,7466,-9.928821329472795
16.0,2019,6693,-10.353603000267881
16.0,2020,3967,-40.729119976094424
16.0,2021,4536,14.343332493067809
16.0,2022,5478,20.767195767195766
16.0,2023,3432,-37.34939759036144
17.0,2006,15194,
17.0,2007,17655,16.19718309859155
17.0,2008,17451,-1.155480033984707
17.0,2009,19070,9.277405306286173
17.0,2010,19152,0.4299947561615103
17.0,2011,19083,-0.36027568922305764
17.0,2012,18165,-4.810564376670335
17.0,2013,18115,-0.27525461051472616
17.0,2014,18225,0.6072315760419542
17.0,2015,16599,-8.921810699588477
17.0,2016,15349,-7.530574130971745
17.0,2017,12637,-17.668903511629424
17.0,2018,10132,-19.822742739574267
17.0,2019,9276,-8.448480063166205
17.0,2020,6144,-33.76455368693402
17.0,2021,6232,1.4322916666666665
17.0,2022,7897,26.71694480102696
17.0,2023,5140,-34.91199189565658
18.0,2006,10194,
18.0,2007,11048,8.377476947223856
18.0,2008,10214,-7.548877624909486
18.0,2009,10469,2.496573330722538
18.0,2010,10296,-1.6524978507975927
18.0,2011,11205,8.828671328671328
18.0,2012,9715,-13.297634984381974
18.0,2013,7626,-21.502830674215133
18.0,2014,7716,1.1801730920535012
18.0,2015,6206,-19.569725246241575
18.0,2016,5833,-6.010312600708991
18.0,2017,5699,-2.2972741299502832
18.0,2018,4662,-18.19617476750307
18.0,2019,3802,-18.447018447018447
18.0,2020,3020,-20.568122041031035
18.0,2021,3267,8.178807947019868
18.0,2022,4316,32.108968472604836
18.0,2023,2677,-37.97497683039852
19.0,2006,2438,
19.0,2007,2292,-5.988515176374077
19.0,2008,2264,-1.2216404886561953
19.0,2009,2325,2.6943462897526502
19.0,2010,2345,0.8602150537634409
19.0,2011,2168,-7.547974413646055
19.0,2012,2146,-1.014760147601476
19.0,2013,2311,7.688723205964585
19.0,2014,2087,-9.692773691042838
19.0,2015,1876,-10.11020603737422
19.0,2016,1878,0.10660980810234541
19.0,2017,1801,-4.10010649627263
19.0,2018,1515,-15.880066629650194
19.0,2019,1350,-10.891089108910892
19.0,2020,844,-37.48148148148148
19.0,2021,1031,22.156398104265403
19.0,2022,1160,12.51212415130941
19.0,2023,696,-40.0
20.0,2006,4265,
20.0,2007,3973,-6.846424384525205
20.0,2008,3816,-3.9516737981374277
20.0,2009,4038,5.817610062893082
20.0,2010,3874,-4.061416542842991
20.0,2011,4513,16.4945792462571
20.0,2012,4420,-2.0607134943496566
20.0,2013,4375,-1.0180995475113122
20.0,2014,4154,-5.051428571428572
20.0,2015,3860,-7.077515647568608
20.0,2016,3634,-5.854922279792746
20.0,2017,3409,-6.191524490919098
20.0,2018,3337,-2.112056321501907
20.0,2019,2933,-12.106682649086006
20.0,2020,1839,-37.29969314694851
20.0,2021,2061,12.071778140293638
20.0,2022,2838,37.70014556040756
20.0,2023,1858,-34.53136011275546
21.0,2006,8777,
21.0,2007,9417,7.291785348068816
21.0,2008,9405,-0.12742911755336095
21.0,2009,10076,7.1345029239766085
21.0,2010,8590,-14.747915839618898
21.0,2011,7724,-10.08149010477299
21.0,2012,7609,-1.488865872604868
21.0,2013,8034,5.585490866079643
21.0,2014,7678,-4.431167537963654
21.0,2015,6817,-11.21385777546236
21.0,2016,6035,-11.471321695760599
21.0,2017,5745,-4.8053024026512015
21.0,2018,5525,-3.829416884247171
21.0,2019,5023,-9.085972850678733
21.0,2020,3384,-32.62990244873581
21.0,2021,3386,0.0591016548463357
21.0,2022,3348,-1.1222681630242175
21.0,2023,2029,-39.396654719235364
22.0,2006,4299,
22.0,2007,4680,8.862526168876483
22.0,2008,3997,-14.594017094017095
22.0,2009,3993,-0.10007505629221916
22.0,2010,3829,-4.107187578261958
22.0,2011,3548,-7.338730739096371
22.0,2012,3603,1.5501691093573844
22.0,2013,3868,7.354981959478213
22.0,2014,4116,6.41158221302999
22.0,2015,3725,-9.499514091350827
22.0,2016,3979,6.818791946308725
22.0,2017,3526,-11.384770042724304
22.0,2018,3012,-14.577424844015882
22.0,2019,2643,-12.250996015936256
22.0,2020,1965,-25.652667423382518
22.0,2021,2412,22.748091603053435
22.0,2022,2767,14.718076285240464
22.0,2023,1299,-53.05384893386339
23.0,2006,2583,
23.0,2007,2738,6.00077429345722
23.0,2008,2476,-9.569028487947406
23.0,2009,2641,6.663974151857835
23.0,2010,2464,-6.702006815600152
23.0,2011,2491,1.0957792207792207
23.0,2012,2522,1.244480128462465
23.0,2013,2849,12.965900079302143
23.0,2014,2927,2.737802737802738
23.0,2015,2468,-15.681585240860949
23.0,2016,2536,2.755267423014587
23.0,2017,2551,0.5914826498422713
23.0,2018,2185,-14.347314778518228
23.0,2019,1887,-13.638443935926773
23.0,2020,1476,-21.78060413354531
23.0,2021,1536,4.0650406504065035
23.0,2022,2029,32.09635416666667
23.0,2023,1176,-42.04041399704288
24.0,2006,4791,
24.0,2007,4280,-10.665831767898142
24.0,2008,4493,4.9766355140186915
24.0,2009,4676,4.073002448252837
24.0,2010,4678,0.0427715996578272
24.0,2011,4656,-0.470286447199658
24.0,2012,4992,7.216494845360824
24.0,2013,5774,15.665064102564102
24.0,2014,5629,-2.511257360581919
24.0,2015,4884,-13.235032865517853
24.0,2016,4083,-16.4004914004914
24.0,2017,3904,-4.384031349497918
24.0,2018,2948,-24.487704918032787
24.0,2019,2670,-9.430122116689281
24.0,2020,1886,-29.363295880149813
24.0,2021,2188,16.01272534464475
24.0,2022,2600,18.82998171846435
24.0,2023,1664,-36.0
25.0,2006,4867,
25.0,2007,5276,8.403534004520239
25.0,2008,5184,-1.7437452615617892
25.0,2009,5341,3.0285493827160495
25.0,2010,5822,9.005804156524995
25.0,2011,5199,-10.700790106492613
25.0,2012,4298,-17.33025581842662
25.0,2013,4345,1.093531875290833
25.0,2014,4724,8.722669735327964
25.0,2015,4185,-11.40982218458933
25.0,2016,3290,-21.385902031063324
25.0,2017,2639,-19.78723404255319
25.0,2018,2359,-10.610079575596817
25.0,2019,2210,-6.3162356930902925
25.0,2020,1267,-42.66968325791855
25.0,2021,1417,11.838989739542226
25.0,2022,2588,82.6393789696542
25.0,2023,1648,-36.321483771251934
26.0,2006,5685,
26.0,2007,6373,12.102022867194371
26.0,2008,5437,-14.686960615094932
26.0,2009,5085,-6.474158543314328
26.0,2010,5045,-0.7866273352999017
26.0,2011,4959,-1.7046580773042619
26.0,2012,4222,-14.861867311958058
26.0,2013,5137,21.672193273330176
26.0,2014,4885,-4.905586918434884
26.0,2015,3979,-18.546571136131014
26.0,2016,3847,-3.317416436290525
26.0,2017,4011,4.263062126332207
26.0,2018,3238,-19.272001994515083
26.0,2019,2766,-14.576899320568252
26.0,2020,1700,-38.53940708604483
26.0,2021,2566,50.94117647058823
26.0,2022,3019,17.653936087295403
26.0,2023,1599,-47.035442199403775
27.0,2006,6520,
27.0,2007,6973,6.947852760736197
27.0,2008,7416,6.353076150867633
27.0,2009,8234,11.030204962243797
27.0,2010,8548,3.813456400291474
27.0,2011,8335,-2.4918109499298082
27.0,2012,8809,5.686862627474505
27.0,2013,10326,17.22102395277557
27.0,2014,10921,5.762153786558202
27.0,2015,9929,-9.083417269480817
27.0,2016,8151,-17.907140698962635
27.0,2017,6654,-18.365844681634155
27.0,2018,6265,-5.846107604448452
27.0,2019,6334,1.1013567438148444
27.0,2020,3527,-44.31638774865804
27.0,2021,3847,9.07286645874681
27.0,2022,5097,32.49285157265401
27.0,2023,3481,-31.704924465371786
28.0,2006,7615,
28.0,2007,8501,11.634931057124097
28.0,2008,8310,-2.2467944947653216
28.0,2009,8726,5.006016847172082
28.0,2010,7571,-13.236305294522118
28.0,2011,7249,-4.253070928543125
28.0,2012,7953,9.711684370257966
28.0,2013,8034,1.018483591097699
28.0,2014,7762,-3.3856111526014443
28.0,2015,6200,-20.123679464055655
28.0,2016,6071,-2.0806451612903225
28.0,2017,5684,-6.374567616537638
28.0,2018,5512,-3.0260380014074597
28.0,2019,4639,-15.838171262699566
28.0,2020,3319,-28.454408277646042
28.0,2021,3327,0.24103645676408555
28.0,2022,3473,4.3883378418996095
28.0,2023,2278,-34.408292542470484
29.0,2006,4092,
29.0,2007,4474,9.335288367546433
29.0,2008,4715,5.386678587393831
29.0,2009,4682,-0.6998939554612937
29.0,2010,4687,0.10679196924391286
29.0,2011,4499,-4.011094516748453
29.0,2012,4409,-2.000444543231829
29.0,2013,4832,9.59401224767521
29.0,2014,4707,-2.5869205298013247
29.0,2015,4206,-10.64372211599745
29.0,2016,4123,-1.9733713742272945
29.0,2017,3678,-10.793111811787533
29.0,2018,3567,-3.0179445350734095
29.0,2019,3401,-4.653770675637791
29.0,2020,2253,-33.75477800646868
29.0,2021,2764,22.68086995117621
29.0,2022,3163,14.435600578871203
29.0,2023,1744,-44.8624723363895
30.0,2006,3176,
30.0,2007,3023,-4.817380352644837
30.0,2008,3276,8.369169698974527
30.0,2009,3920,19.65811965811966
30.0,2010,4166,6.275510204081633
30.0,2011,4038,-3.072491598655785
30.0,2012,3780,-6.389301634472511
30.0,2013,3837,1.507936507936508
30.0,2014,3560,-7.219181652332551
30.0,2015,2853,-19.859550561797754
30.0,2016,2628,-7.886435331230284
30.0,2017,2702,2.8158295281582952
30.0,2018,2398,-11.250925240562546
30.0,2019,1952,-18.59883236030025
30.0,2020,1695,-13.165983606557377
30.0,2021,1725,1.7699115044247788
30.0,2022,1831,6.144927536231884
30.0,2023,870,-52.48498088476242
31.0,2006,5825,
31.0,2007,5860,0.6008583690987125
31.0,2008,6135,4.692832764505119
31.0,2009,6222,1.4180929095354522
31.0,2010,6292,1.1250401800064287
31.0,2011,6047,-3.8938334392879845
31.0,2012,5696,-5.804531172482222
31.0,2013,6231,9.392556179775282
31.0,2014,7059,13.288396726047184
31.0,2015,5463,-22.6094347641309
31.0,2016,5037,-7.797913234486546
31.0,2017,4884,-3.0375223347230493
31.0,2018,4281,-12.346437346437346
31.0,2019,3458,-19.224480261621117
31.0,2020,2534,-26.720647773279353
31.0,2021,2411,-4.8539857932123125
31.0,2022,2532,5.018664454583161
31.0,2023,1652,-34.75513428120063
32.0,2006,3936,
32.0,2007,4294,9.095528455284553
32.0,2008,4088,-4.797391709361901
32.0,2009,4475,9.466731898238748
32.0,2010,4596,2.7039106145251397
32.0,2011,4215,-8.28981723237598
32.0,2012,4363,3.511269276393832
32.0,2013,4854,11.2537245014898
32.0,2014,4476,-7.787391841779975
32.0,2015,4218,-5.7640750670241285
32.0,2016,4197,-0.4978662873399715
32.0,2017,3740,-10.888730045270432
32.0,2018,3209,-14.197860962566844
32.0,2019,2792,-12.994702399501401
32.0,2020,1930,-30.873925501432666
32.0,2021,1992,3.2124352331606216
32.0,2022,2690,35.040160642570285
32.0,2023,1617,-39.888475836431226
33.0,2006,6288,
33.0,2007,6336,0.7633587786259541
33.0,2008,6498,2.556818181818182
33.0,2009,7173,10.38781163434903
33.0,2010,7330,2.1887634183744598
33.0,2011,7332,0.027285129604365622
33.0,2012,6682,-8.865248226950355
33.0,2013,6525,-2.3495959293624664
33.0,2014,6131,-6.038314176245211
33.0,2015,5839,-4.762681454901322
33.0,2016,5862,0.39390306559342353
33.0,2017,5906,0.7505970658478335
33.0,2018,4636,-21.503555706061633
33.0,2019,3764,-18.809318377911993
33.0,2020,2159,-42.64080765143464
33.0,2021,2756,27.651690597498842
33.0,2022,3676,33.38171262699564
33.0,2023,2080,-43.41675734494015
34.0,2006,8337,
34.0,2007,7831,-6.06932949502219
34.0,2008,8495,8.479121440429065
34.0,2009,8407,-1.0359034726309593
34.0,2010,8702,3.508980611395266
34.0,2011,9428,8.342909675936566
34.0,2012,8840,-6.236741620704285
34.0,2013,8865,0.2828054298642534
34.0,2014,8196,-7.54653130287648
34.0,2015,6868,-16.20302586627623
34.0,2016,6375,-7.1782178217821775
34.0,2017,5803,-8.972549019607843
34.0,2018,4540,-21.764604514906082
34.0,2019,4053,-10.726872246696036
34.0,2020,2385,-41.154700222057734
34.0,2021,2763,15.849056603773585
34.0,2022,3025,9.482446615997105
34.0,2023,1817,-39.93388429752066
35.0,2006,9597,
35.0,2007,10206,6.3457330415754925
35.0,2008,9590,-6.035665294924554
35.0,2009,10043,4.723670490093848
35.0,2010,10391,3.4651000697002887
35.0,2011,9607,-7.544990857472814
35.0,2012,10044,4.5487665244092845
35.0,2013,9835,-2.0808442851453606
35.0,2014,9663,-1.7488561260803253
35.0,2015,8731,-9.64503777294836
35.0,2016,8796,0.7444737143511625
35.0,2017,7679,-12.698954070031832
35.0,2018,6041,-21.330902461257974
35.0,2019,5429,-10.130773050819402
35.0,2020,3577,-34.11309633449991
35.0,2021,3601,0.6709533128319821
35.0,2022,4597,27.658983615662315
35.0,2023,2699,-41.28779638894932
36.0,2006,11239,
36.0,2007,12946,15.188184002135422
36.0,2008,12440,-3.90854317936042
36.0,2009,14208,14.212218649517686
36.0,2010,14080,-0.9009009009009009
36.0,2011,13449,-4.481534090909091
36.0,2012,12902,-4.067216893449327
36.0,2013,12845,-0.44179197023717254
36.0,2014,11181,-12.954456987154536
36.0,2015,8855,-20.803148197835615
36.0,2016,8137,-8.10841332580463
36.0,2017,7487,-7.988202040063906
36.0,2018,6698,-10.538266328302392
36.0,2019,5347,-20.17020005971932
36.0,2020,4148,-22.423789040583504
36.0,2021,4096,-1.253616200578592
36.0,2022,4842,18.212890625
36.0,2023,2905,-40.00413052457662
37.0,2006,10681,
37.0,2007,12253,14.71772305963861
37.0,2008,13313,8.6509426262956
37.0,2009,13360,0.3530383835348907
37.0,2010,13513,1.1452095808383234
37.0,2011,14073,4.144157477984163
37.0,2012,12498,-11.191643572798977
37.0,2013,10976,-12.177948471755482
37.0,2014,10036,-8.564139941690962
37.0,2015,7835,-21.931048226385013
37.0,2016,6413,-18.149329929802168
37.0,2017,5778,-9.901762045844379
37.0,2018,4841,-16.216683973693318
37.0,2019,3940,-18.61185705432762
37.0,2020,2625,-33.37563451776649
37.0,2021,2792,6.3619047619047615
37.0,2022,3879,38.932664756447
37.0,2023,2531,-34.75122454240784
38.0,2006,6284,
38.0,2007,6237,-0.7479312539783577
38.0,2008,6117,-1.9240019240019242
38.0,2009,5588,-8.648030080104627
38.0,2010,5725,2.4516821760916248
38.0,2011,5276,-7.842794759825328
38.0,2012,5365,1.6868840030326004
38.0,2013,5181,-3.4296365330848086
38.0,2014,5311,2.5091681142636557
38.0,2015,4805,-9.527395970627001
38.0,2016,5418,12.757544224765867
38.0,2017,5929,9.431524547803617
38.0,2018,5198,-12.329229212346096
38.0,2019,4713,-9.330511735282801
38.0,2020,2910,-38.25588796944621
38.0,2021,3095,6.357388316151202
38.0,2022,3556,14.894991922455572
38.0,2023,2207,-37.93588301462317
39.0,2006,3439,
39.0,2007,2936,-14.626344867694097
39.0,2008,2592,-11.716621253405995
39.0,2009,2850,9.953703703703704
39.0,2010,3024,6.105263157894736
39.0,2011,2920,-3.439153439153439
39.0,2012,2866,-1.8493150684931507
39.0,2013,2757,-3.8032100488485696
39.0,2014,2791,1.2332245194051505
39.0,2015,2553,-8.52740953063418
39.0,2016,2564,0.4308656482569526
39.0,2017,2537,-1.0530421216848673
39.0,2018,2207,-13.0074891604257
39.0,2019,1730,-21.613049388309925
39.0,2020,1045,-39.59537572254335
39.0,2021,1072,2.583732057416268
39.0,2022,1649,53.82462686567165
39.0,2023,1109,-32.747119466343236
40.0,2006,6965,
40.0,2007,7565,8.614501076812635
40.0,2008,6968,-7.891606080634501
40.0,2009,7582,8.811710677382319
40.0,2010,7939,4.708520179372197
40.0,2011,7252,-8.65348280639879
40.0,2012,6336,-12.630998345284059
40.0,2013,6596,4.103535353535354
40.0,2014,6771,2.653123104912068
40.0,2015,5657,-16.452518091862352
40.0,2016,4956,-12.391727063814743
40.0,2017,4985,0.5851493139628733
40.0,2018,4553,-8.665997993981946
40.0,2019,3495,-23.237425873050736
40.0,2020,2336,-33.16165951359085
40.0,2021,2622,12.243150684931507
40.0,2022,3009,14.759725400457665
40.0,2023,1735,-42.33964772349618
41.0,2006,10240,
41.0,2007,11817,15.400390624999998
41.0,2008,11444,-3.156469493103156
41.0,2009,13342,16.58511010136316
41.0,2010,13768,3.192924599010643
41.0,2011,14787,7.401220220801859
41.0,2012,14382,-2.7388922702373706
41.0,2013,12981,-9.741343345848978
41.0,2014,12248,-5.646714428780526
41.0,2015,10255,-16.27204441541476
41.0,2016,9232,-9.975621647976597
41.0,2017,7524,-18.500866551126517
41.0,2018,6862,-8.798511430090377
41.0,2019,5577,-18.726318857475952
41.0,2020,3605,-35.35951228258921
41.0,2021,3738,3.6893203883495143
41.0,2022,4724,26.37774210807919
41.0,2023,2976,-37.00254022015241
42.0,2006,10981,
42.0,2007,11756,7.057645023221928
42.0,2008,11362,-3.3514800952705004
42.0,2009,13197,16.15032564689315
42.0,2010,12922,-2.0838069258164733
42.0,2011,13756,6.45410927101068
42.0,2012,13888,0.959581273626054
42.0,2013,13399,-3.5210253456221197
42.0,2014,13303,-0.7164713784610792
42.0,2015,11851,-10.914831241073442
42.0,2016,10295,-13.129693696734455
42.0,2017,8255,-19.815444390480817
42.0,2018,7078,-14.2580254391278
42.0,2019,6381,-9.847414523876802
42.0,2020,4157,-34.85347124275192
42.0,2021,4566,9.838826076497474
42.0,2022,6043,32.34778799824792
42.0,2023,3704,-38.7059407579017
43.0,2006,2465,
43.0,2007,3030,22.920892494929006
43.0,2008,3010,-0.6600660066006601
43.0,2009,3132,4.053156146179402
43.0,2010,2985,-4.693486590038314
43.0,2011,2779,-6.901172529313233
43.0,2012,2578,-7.23281756027348
43.0,2013,2790,8.223429014740109
43.0,2014,3101,11.146953405017921
43.0,2015,2778,-10.415994840374072
43.0,2016,3218,15.83873290136789
43.0,2017,3181,-1.1497824735860782
43.0,2018,2437,-23.388871424080477
43.0,2019,2364,-2.9954862535904803
43.0,2020,1513,-35.998307952622675
43.0,2021,1634,7.997356245869135
43.0,2022,1833,12.178702570379436
43.0,2023,1205,-34.2607746863066
44.0,2006,2372,
44.0,2007,2535,6.871838111298483
44.0,2008,2377,-6.232741617357003
44.0,2009,2272,-4.417332772402188
44.0,2010,2242,-1.3204225352112675
44.0,2011,2163,-3.5236396074933096
44.0,2012,2205,1.9417475728155338
44.0,2013,2368,7.392290249433106
44.0,2014,2537,7.136824324324325
44.0,2015,2690,6.030744974379188
44.0,2016,2345,-12.825278810408921
44.0,2017,2053,-12.452025586353944
44.0,2018,1847,-10.03409644422796
44.0,2019,1778,-3.7357877639415267
44.0,2020,1329,-25.253093363329583
44.0,2021,1594,19.939804364183598
44.0,2022,2057,29.046424090338768
44.0,2023,949,-53.86485172581429
45.0,2006,4010,
45.0,2007,4641,15.7356608478803
45.0,2008,4120,-11.226028873087698
45.0,2009,4367,5.995145631067961
45.0,2010,4247,-2.7478818410808334
45.0,2011,4154,-2.18978102189781
45.0,2012,4395,5.801636976408281
45.0,2013,4151,-5.5517633674630265
45.0,2014,4702,13.27390990122862
45.0,2015,4375,-6.954487452148022
45.0,2016,4069,-6.994285714285714
45.0,2017,3601,-11.501597444089457
45.0,2018,3236,-10.13607331296862
45.0,2019,2881,-10.970333745364648
45.0,2020,1753,-39.153071850052065
45.0,2021,1923,9.697661152310324
45.0,2022,2205,14.664586583463338
45.0,2023,1385,-37.188208616780045
46.0,2006,3197,
46.0,2007,3506,9.665311229277448
46.0,2008,3266,-6.845407872219053
46.0,2009,3213,-1.6227801592161666
46.0,2010,3620,12.667289137877374
46.0,2011,3757,3.7845303867403315
46.0,2012,3707,-1.3308490817141336
46.0,2013,3514,-5.206366333962773
46.0,2014,3586,2.048947068867388
46.0,2015,2920,-18.57222532069158
46.0,2016,3117,6.7465753424657535
46.0,2017,2995,-3.9140198909207573
46.0,2018,2498,-16.59432387312187
46.0,2019,1843,-26.220976781425144
46.0,2020,1267,-31.25339120998372
46.0,2021,1586,25.177584846093133
46.0,2022,1950,22.950819672131146
46.0,2023,1234,-36.717948717948715
47.0,2006,4537,
47.0,2007,4871,7.361692748512233
47.0,2008,4755,-2.381441182508725
47.0,2009,5377,13.080967402733965
47.0,2010,5132,-4.556444113818115
47.0,2011,4732,-7.79423226812159
47.0,2012,4369,-7.671174978867286
47.0,2013,4528,3.639276722362097
47.0,2014,4748,4.858657243816254
47.0,2015,5136,8.171861836562764
47.0,2016,4601,-10.416666666666668
47.0,2017,4220,-8.280808519886982
47.0,2018,3575,-15.284360189573459
47.0,2019,3023,-15.44055944055944
47.0,2020,2235,-26.066821038703274
47.0,2021,2655,18.79194630872483
47.0,2022,1962,-26.101694915254235
47.0,2023,1430,-27.115188583078492
48.0,2006,3778,
48.0,2007,3971,5.1085230280571725
48.0,2008,3819,-3.827751196172249
48.0,2009,3676,-3.7444357161560617
48.0,2010,3401,-7.480957562568008
48.0,2011,3398,-0.08820935019112026
48.0,2012,3499,2.972336668628605
48.0,2013,3391,-3.086596170334381
48.0,2014,3598,6.104393984075494
48.0,2015,3125,-13.146192329071708
48.0,2016,3073,-1.664
48.0,2017,2967,-3.4493979824275955
48.0,2018,2730,-7.987866531850354
48.0,2019,2485,-8.974358974358974
48.0,2020,1583,-36.29778672032194
48.0,2021,1446,-8.654453569172457
48.0,2022,2366,63.6237897648686
48.0,2023,1449,-38.75739644970414
49.0,2006,7184,
49.0,2007,7560,5.233853006681515
49.0,2008,8934,18.174603174603174
49.0,2009,8481,-5.070517125587642
49.0,2010,8534,0.624926305860158
49.0,2011,8363,-2.003749707054136
49.0,2012,7698,-7.951691976563434
49.0,2013,7381,-4.117952714990906
49.0,2014,8025,8.725104999322584
49.0,2015,6678,-16.78504672897196
49.0,2016,7548,13.02785265049416
49.0,2017,6972,-7.631160572337042
49.0,2018,6542,-6.167527251864601
49.0,2019,5625,-14.017120146744114
49.0,2020,3900,-30.666666666666664
49.0,2021,4663,19.564102564102566
49.0,2022,5435,16.555865322753593
49.0,2023,3205,-41.03035878564857
50.0,2006,3204,
50.0,2007,2885,-9.956304619225968
50.0,2008,3560,23.39688041594454
50.0,2009,2966,-16.685393258426966
50.0,2010,3115,5.0236008091706
50.0,2011,3067,-1.5409309791332264
50.0,2012,2958,-3.5539615259210953
50.0,2013,2777,-6.118999323867478
50.0,2014,2633,-5.185451926539431
50.0,2015,2106,-20.015191796429928
50.0,2016,2446,16.144349477682812
50.0,2017,2107,-13.859362224039248
50.0,2018,2031,-3.6070242050308496
50.0,2019,1839,-9.453471196454949
50.0,2020,1254,-31.810766721044047
50.0,2021,1435,14.433811802232855
50.0,2022,1598,11.358885017421603
50.0,2023,915,-42.740926157697125
51.0,2006,2018,
51.0,2007,1966,-2.576808721506442
51.0,2008,2509,27.619532044760938
51.0,2009,2526,0.6775607811877242
51.0,2010,2612,3.4045922406967537
51.0,2011,2595,-0.6508422664624809
51.0,2012,2363,-8.940269749518306
51.0,2013,2563,8.463817181548878
51.0,2014,2619,2.1849395239953178
51.0,2015,2334,-10.882016036655212
51.0,2016,2350,0.6855184233076265
51.0,2017,2299,-2.170212765957447
51.0,2018,1851,-19.48673336233145
51.0,2019,1568,-15.289032955159373
51.0,2020,1041,-33.609693877551024
51.0,2021,1113,6.9164265129683
51.0,2022,1342,20.575022461814914
51.0,2023,766,-42.92101341281669
