Community_District,ARREST_YEAR,#_ARRESTS,ARREST_CHANGE
101.0,2006,3469,
101.0,2007,3860,11.27125972902854
101.0,2008,4097,6.139896373056994
101.0,2009,4551,11.081278984622895
101.0,2010,4580,0.6372225884421007
101.0,2011,5664,23.66812227074236
101.0,2012,5880,3.8135593220338984
101.0,2013,5253,-10.66326530612245
101.0,2014,5412,3.026841804683038
101.0,2015,5047,-6.744271988174427
101.0,2016,5330,5.607291460273429
101.0,2017,4772,-10.46904315196998
101.0,2018,4684,-1.8440905280804691
101.0,2019,4455,-4.888983774551665
101.0,2020,2175,-51.178451178451176
101.0,2021,2679,23.17241379310345
101.0,2022,3439,28.368794326241137
101.0,2023,1845,-46.35068333817971
102.0,2006,6940,
102.0,2007,7931,14.279538904899136
102.0,2008,8377,5.623502710881351
102.0,2009,9004,7.484779754088576
102.0,2010,8665,-3.76499333629498
102.0,2011,7998,-7.697634160415465
102.0,2012,7325,-8.414603650912728
102.0,2013,7409,1.1467576791808873
102.0,2014,6924,-6.546092590093131
102.0,2015,5832,-15.771230502599654
102.0,2016,4818,-17.386831275720166
102.0,2017,4672,-3.0303030303030303
102.0,2018,3633,-22.2388698630137
102.0,2019,3055,-15.909716487751169
102.0,2020,2440,-20.130932896890343
102.0,2021,1915,-21.51639344262295
102.0,2022,2591,35.300261096605745
102.0,2023,1593,-38.517946738710926
103.0,2006,9119,
103.0,2007,9558,4.814124355740761
103.0,2008,8827,-7.648043523749738
103.0,2009,9143,3.579925229409765
103.0,2010,9473,3.6093186043968064
103.0,2011,9692,2.3118336324290087
103.0,2012,9903,2.17705323978539
103.0,2013,9431,-4.766232454811673
103.0,2014,8713,-7.613190541830135
103.0,2015,8285,-4.912200160679444
103.0,2016,7466,-9.885334942667471
103.0,2017,6798,-8.947227431020627
103.0,2018,5827,-14.283612827302147
103.0,2019,5135,-11.875750815170758
103.0,2020,3143,-38.792599805258035
103.0,2021,4124,31.21221762647152
103.0,2022,4881,18.35596508244423
103.0,2023,2426,-50.29707027248514
104.0,2006,12945,
104.0,2007,12493,-3.4916956353804562
104.0,2008,12387,-0.8484751460818057
104.0,2009,12213,-1.4046984742068298
104.0,2010,11392,-6.722345042168182
104.0,2011,10956,-3.8272471910112364
104.0,2012,11169,1.9441401971522454
104.0,2013,13317,19.231802309965083
104.0,2014,13490,1.2990913869490126
104.0,2015,12312,-8.732394366197182
104.0,2016,11101,-9.835932423651721
104.0,2017,9829,-11.458427168723539
104.0,2018,7930,-19.32037847186896
104.0,2019,6250,-21.185372005044137
104.0,2020,3830,-38.72
104.0,2021,5587,45.87467362924282
104.0,2022,5769,3.257562197959549
104.0,2023,3159,-45.24180967238689
105.0,2006,12212,
105.0,2007,13507,10.604323616115297
105.0,2008,13492,-0.1110535278003998
105.0,2009,14865,10.176400830121555
105.0,2010,16340,9.922637066935755
105.0,2011,15652,-4.2105263157894735
105.0,2012,14444,-7.717863531817021
105.0,2013,14457,0.09000276931597895
105.0,2014,14708,1.7361831638652556
105.0,2015,13166,-10.484090290998097
105.0,2016,10740,-18.426249430350904
105.0,2017,9750,-9.217877094972067
105.0,2018,8024,-17.702564102564104
105.0,2019,6188,-22.88135593220339
105.0,2020,3081,-50.21008403361344
105.0,2021,4018,30.41220382992535
105.0,2022,5918,47.28720756595321
105.0,2023,3675,-37.901318012842175
106.0,2006,3329,
106.0,2007,3575,7.389606488434966
106.0,2008,3415,-4.475524475524476
106.0,2009,3857,12.94289897510981
106.0,2010,3914,1.477832512315271
106.0,2011,4459,13.924374041900869
106.0,2012,4361,-2.197802197802198
106.0,2013,4571,4.815409309791333
106.0,2014,4723,3.3253117479763725
106.0,2015,4361,-7.6646199449502435
106.0,2016,3598,-17.49598715890851
106.0,2017,3554,-1.2229016120066705
106.0,2018,3044,-14.350028137310073
106.0,2019,2894,-4.92772667542707
106.0,2020,1936,-33.10297166551486
106.0,2021,2137,10.382231404958677
106.0,2022,2652,24.099204492278893
106.0,2023,1233,-53.50678733031674
107.0,2006,5139,
107.0,2007,6013,17.00719984432769
107.0,2008,5719,-4.889406286379511
107.0,2009,5900,3.1648889666025526
107.0,2010,5441,-7.779661016949152
107.0,2011,5079,-6.653188752067635
107.0,2012,5189,2.165780665485332
107.0,2013,5020,-3.2568895740990556
107.0,2014,5082,1.2350597609561753
107.0,2015,4638,-8.736717827626919
107.0,2016,4235,-8.689090125053903
107.0,2017,4144,-2.1487603305785123
107.0,2018,3465,-16.385135135135133
107.0,2019,2894,-16.47907647907648
107.0,2020,2037,-29.612992398064964
107.0,2021,2525,23.956799214531173
107.0,2022,2823,11.801980198019802
107.0,2023,1536,-45.58979808714134
108.0,2006,3796,
108.0,2007,3821,0.6585879873551107
108.0,2008,3340,-12.588327662915466
108.0,2009,3266,-2.215568862275449
108.0,2010,3217,-1.5003061849357011
108.0,2011,3316,3.0774013055641904
108.0,2012,3438,3.67913148371532
108.0,2013,3226,-6.166375799883653
108.0,2014,3039,-5.796652200867948
108.0,2015,2860,-5.890095426127016
108.0,2016,2905,1.5734265734265735
108.0,2017,2897,-0.2753872633390706
108.0,2018,2385,-17.67345529858474
108.0,2019,2456,2.9769392033542976
108.0,2020,1500,-38.925081433224754
108.0,2021,1567,4.466666666666667
108.0,2022,2217,41.480536056158265
108.0,2023,1053,-52.503382949932345
109.0,2006,7035,
109.0,2007,8110,15.280739161336177
109.0,2008,7745,-4.5006165228113435
109.0,2009,8703,12.3692704970949
109.0,2010,7718,-11.317936343789498
109.0,2011,7742,0.31096138896087067
109.0,2012,8120,4.882459312839059
109.0,2013,8508,4.778325123152709
109.0,2014,6950,-18.312176774800186
109.0,2015,6319,-9.079136690647482
109.0,2016,5416,-14.290235796803291
109.0,2017,3988,-26.36632200886263
109.0,2018,3477,-12.813440320962888
109.0,2019,3162,-9.0595340811044
109.0,2020,2066,-34.66160657811512
109.0,2021,2522,22.07163601161665
109.0,2022,2832,12.291831879460744
109.0,2023,1347,-52.436440677966104
110.0,2006,12356,
110.0,2007,12609,2.047588216251214
110.0,2008,13641,8.184630026171783
110.0,2009,14485,6.18722967524375
110.0,2010,13320,-8.04280289955126
110.0,2011,13021,-2.2447447447447444
110.0,2012,12266,-5.798325781429998
110.0,2013,11717,-4.47578672753954
110.0,2014,10944,-6.597251856277205
110.0,2015,9416,-13.961988304093568
110.0,2016,9674,2.740016992353441
110.0,2017,7300,-24.540004134794295
110.0,2018,5542,-24.08219178082192
110.0,2019,5225,-5.719956694334175
110.0,2020,3338,-36.114832535885164
110.0,2021,4336,29.898142600359495
110.0,2022,4797,10.631918819188192
110.0,2023,2336,-51.30289764436105
111.0,2006,13818,
111.0,2007,14916,7.946157186278767
111.0,2008,14528,-2.601233574684902
111.0,2009,14862,2.2990088105726874
111.0,2010,15794,6.271026779706634
111.0,2011,14681,-7.046979865771812
111.0,2012,14777,0.6539064096451196
111.0,2013,15236,3.1061785206740202
111.0,2014,14887,-2.290627461275925
111.0,2015,12389,-16.779740713374085
111.0,2016,11273,-9.007990959722335
111.0,2017,10511,-6.759513882728643
111.0,2018,8594,-18.23803634287889
111.0,2019,7371,-14.230858738654875
111.0,2020,4651,-36.90137023470357
111.0,2021,4675,0.5160180606321221
111.0,2022,5079,8.641711229946523
111.0,2023,3009,-40.756054341405786
112.0,2006,11409,
112.0,2007,13221,15.882198264528006
112.0,2008,12739,-3.645715150139929
112.0,2009,12765,0.20409765287699191
112.0,2010,12041,-5.671758715236976
112.0,2011,11580,-3.8285856656423887
112.0,2012,11154,-3.678756476683938
112.0,2013,10894,-2.331002331002331
112.0,2014,10712,-1.6706443914081146
112.0,2015,8725,-18.54929051530993
112.0,2016,8413,-3.5759312320916905
112.0,2017,7634,-9.259479377154404
112.0,2018,5749,-24.692166623002358
112.0,2019,4650,-19.116368064011134
112.0,2020,2970,-36.12903225806451
112.0,2021,3488,17.44107744107744
112.0,2022,3644,4.472477064220183
112.0,2023,2595,-28.787047200878156
164.0,2006,776,
164.0,2007,861,10.95360824742268
164.0,2008,915,6.2717770034843205
164.0,2009,825,-9.836065573770492
164.0,2010,940,13.939393939393941
164.0,2011,836,-11.063829787234042
164.0,2012,784,-6.220095693779904
164.0,2013,680,-13.26530612244898
164.0,2014,598,-12.058823529411764
164.0,2015,605,1.1705685618729096
164.0,2016,379,-37.35537190082645
164.0,2017,351,-7.387862796833773
164.0,2018,221,-37.03703703703704
164.0,2019,175,-20.81447963800905
164.0,2020,81,-53.714285714285715
164.0,2021,103,27.160493827160494
164.0,2022,165,60.19417475728155
164.0,2023,94,-43.03030303030303
201.0,2006,10762,
201.0,2007,11025,2.4437836833302358
201.0,2008,10866,-1.4421768707482994
201.0,2009,11614,6.883857905392969
201.0,2010,11184,-3.7024281040123985
201.0,2011,10445,-6.607653791130186
201.0,2012,11155,6.797510770703687
201.0,2013,11078,-0.6902734199910354
201.0,2014,12471,12.574471926340495
201.0,2015,11892,-4.642771229251864
201.0,2016,10181,-14.387823747056844
201.0,2017,8200,-19.457813574305078
201.0,2018,6597,-19.54878048780488
201.0,2019,6968,5.62376837956647
201.0,2020,4284,-38.51894374282434
201.0,2021,3957,-7.633053221288516
201.0,2022,5612,41.824614607025524
201.0,2023,3477,-38.04347826086957
202.0,2006,5722,
202.0,2007,6646,16.14819993009437
202.0,2008,7040,5.928377971712308
202.0,2009,7090,0.7102272727272727
202.0,2010,6994,-1.3540197461212977
202.0,2011,7739,10.651987417786675
202.0,2012,7193,-7.0551750872205705
202.0,2013,7080,-1.5709717781176142
202.0,2014,7240,2.2598870056497176
202.0,2015,6411,-11.450276243093922
202.0,2016,5968,-6.90999844018094
202.0,2017,4743,-20.526139410187668
202.0,2018,3626,-23.550495467004005
202.0,2019,3050,-15.88527302813017
202.0,2020,2217,-27.311475409836067
202.0,2021,1941,-12.449255751014885
202.0,2022,3081,58.73261205564142
202.0,2023,1780,-42.22654982148653
203.0,2006,5389,
203.0,2007,5429,0.7422527370569679
203.0,2008,6112,12.580585743230799
203.0,2009,7336,20.026178010471206
203.0,2010,7143,-2.6308615049073065
203.0,2011,6908,-3.2899342013159734
203.0,2012,6027,-12.753329473074695
203.0,2013,6144,1.9412643106022895
203.0,2014,6225,1.318359375
203.0,2015,5417,-12.979919678714861
203.0,2016,5603,3.4336348532398
203.0,2017,5048,-9.905407817240764
203.0,2018,4184,-17.11568938193344
203.0,2019,3683,-11.974187380497133
203.0,2020,2495,-32.25631278848765
203.0,2021,3057,22.5250501002004
203.0,2022,3168,3.631010794896958
203.0,2023,2104,-33.58585858585859
204.0,2006,12475,
204.0,2007,14441,15.759519038076153
204.0,2008,14581,0.9694619486185166
204.0,2009,15112,3.6417255332281737
204.0,2010,16240,7.464266807834834
204.0,2011,15415,-5.080049261083744
204.0,2012,13667,-11.33960428154395
204.0,2013,13031,-4.65354503548694
204.0,2014,11435,-12.24771698258
204.0,2015,11132,-2.64975951027547
204.0,2016,9457,-15.046712181099533
204.0,2017,7952,-15.914137675795706
204.0,2018,7447,-6.350603621730383
204.0,2019,6716,-9.816033302000806
204.0,2020,3988,-40.61941631923764
204.0,2021,4573,14.66900702106319
204.0,2022,5860,28.143450688825716
204.0,2023,3776,-35.563139931740615
205.0,2006,11257,
205.0,2007,12285,9.132095584969353
205.0,2008,12716,3.508343508343508
205.0,2009,12247,-3.6882667505504876
205.0,2010,9981,-18.502490405813667
205.0,2011,9226,-7.564372307384029
205.0,2012,8563,-7.186212876652938
205.0,2013,7651,-10.650472965082331
205.0,2014,7860,2.7316690628675993
205.0,2015,6331,-19.452926208651398
205.0,2016,5545,-12.415100300110566
205.0,2017,5327,-3.9314697926059514
205.0,2018,5617,5.443964708090858
205.0,2019,4615,-17.838703934484602
205.0,2020,3303,-28.429035752979416
205.0,2021,3210,-2.815622161671208
205.0,2022,4516,40.68535825545172
205.0,2023,2589,-42.67050487156776
206.0,2006,5181,
206.0,2007,7515,45.04921829762594
206.0,2008,6800,-9.514304723885562
206.0,2009,7227,6.279411764705882
206.0,2010,7535,4.26179604261796
206.0,2011,6502,-13.709356337093565
206.0,2012,6540,0.584435558289757
206.0,2013,6962,6.4525993883792045
206.0,2014,6548,-5.94656707842574
206.0,2015,6002,-8.338423946243127
206.0,2016,5622,-6.331222925691436
206.0,2017,4907,-12.71789398790466
206.0,2018,4472,-8.864886896270633
206.0,2019,3501,-21.7128801431127
206.0,2020,2523,-27.934875749785775
206.0,2021,2498,-0.9908838684106223
206.0,2022,3186,27.542033626901517
206.0,2023,1977,-37.94726930320151
207.0,2006,8608,
207.0,2007,10203,18.529275092936803
207.0,2008,9709,-4.8417132216014895
207.0,2009,9859,1.5449582861262745
207.0,2010,11349,15.113094634344254
207.0,2011,10541,-7.119570006167944
207.0,2012,9534,-9.553173323214116
207.0,2013,9190,-3.6081392909586745
207.0,2014,9141,-0.5331882480957563
207.0,2015,7088,-22.459249535061808
207.0,2016,6133,-13.473476297968398
207.0,2017,6685,9.000489157019404
207.0,2018,5818,-12.969334330590875
207.0,2019,4693,-19.336541766930214
207.0,2020,3137,-33.15576390368634
207.0,2021,3175,1.2113484220592923
207.0,2022,4816,51.68503937007875
207.0,2023,2702,-43.895348837209305
208.0,2006,2126,
208.0,2007,2931,37.86453433678269
208.0,2008,3032,3.445922893210508
208.0,2009,4631,52.73746701846965
208.0,2010,7610,64.3273591017059
208.0,2011,6958,-8.567674113009199
208.0,2012,4340,-37.62575452716298
208.0,2013,2555,-41.12903225806452
208.0,2014,2608,2.0743639921722115
208.0,2015,2341,-10.237730061349694
208.0,2016,2364,0.9824861170439982
208.0,2017,1963,-16.962774957698816
208.0,2018,1588,-19.10341314314824
208.0,2019,1882,18.513853904282115
208.0,2020,1252,-33.4750265674814
208.0,2021,1481,18.29073482428115
208.0,2022,1546,4.388926401080351
208.0,2023,762,-50.71151358344114
209.0,2006,10599,
209.0,2007,11912,12.38796112840834
209.0,2008,10914,-8.378106111484218
209.0,2009,10958,0.4031519149715961
209.0,2010,10995,0.33765285636064973
209.0,2011,11941,8.603910868576625
209.0,2012,10093,-15.476090779666695
209.0,2013,8008,-20.65788170018825
209.0,2014,8094,1.073926073926074
209.0,2015,6387,-21.089696071163825
209.0,2016,6015,-5.824330671676844
209.0,2017,5953,-1.030756442227764
209.0,2018,4805,-19.28439442298001
209.0,2019,3983,-17.107180020811654
209.0,2020,3141,-21.139844338438362
209.0,2021,3384,7.736389684813753
209.0,2022,4569,35.0177304964539
209.0,2023,2762,-39.54913547822281
210.0,2006,2983,
210.0,2007,2966,-0.5698960777740529
210.0,2008,3233,9.002022926500338
210.0,2009,3395,5.01082585833591
210.0,2010,3359,-1.0603829160530192
210.0,2011,3518,4.733551652277463
210.0,2012,3323,-5.542922114837976
210.0,2013,2941,-11.495636473066506
210.0,2014,3013,2.4481468888133286
210.0,2015,2903,-3.6508463325589116
210.0,2016,2748,-5.339304168101963
210.0,2017,2530,-7.9330422125181945
210.0,2018,2580,1.9762845849802373
210.0,2019,2203,-14.612403100775193
210.0,2020,1417,-35.6786200635497
210.0,2021,1456,2.7522935779816518
210.0,2022,1685,15.728021978021978
210.0,2023,1348,-20.0
211.0,2006,2562,
211.0,2007,2939,14.715066354410617
211.0,2008,3012,2.4838380401497107
211.0,2009,2982,-0.9960159362549801
211.0,2010,3266,9.523809523809524
211.0,2011,3160,-3.245560318432333
211.0,2012,3628,14.810126582278482
211.0,2013,3914,7.883131201764057
211.0,2014,3786,-3.2703117015840575
211.0,2015,3326,-12.150026413100898
211.0,2016,3505,5.381840048105833
211.0,2017,3463,-1.1982881597717547
211.0,2018,3178,-8.22985850418712
211.0,2019,2642,-16.865953429830082
211.0,2020,1665,-36.979560938682816
211.0,2021,1578,-5.225225225225225
211.0,2022,2222,40.81115335868187
211.0,2023,1244,-44.01440144014401
212.0,2006,5956,
212.0,2007,7216,21.155137676292814
212.0,2008,7808,8.2039911308204
212.0,2009,7862,0.6915983606557377
212.0,2010,7673,-2.403968455863648
212.0,2011,6972,-9.135931187280073
212.0,2012,6710,-3.7578886976477337
212.0,2013,6975,3.9493293591654246
212.0,2014,6894,-1.1612903225806452
212.0,2015,5971,-13.388453727879316
212.0,2016,5739,-3.8854463238988446
212.0,2017,5779,0.6969855375500958
212.0,2018,5333,-7.717598200380689
212.0,2019,4674,-12.357022313894618
212.0,2020,3189,-31.77150192554557
212.0,2021,3583,12.354970210097209
212.0,2022,3705,3.404967903991069
212.0,2023,2147,-42.05128205128205
226.0,2006,132,
226.0,2007,95,-28.030303030303028
226.0,2008,115,21.052631578947366
226.0,2009,159,38.26086956521739
226.0,2010,150,-5.660377358490567
226.0,2011,180,20.0
226.0,2012,143,-20.555555555555554
226.0,2013,126,-11.888111888111888
226.0,2014,135,7.142857142857142
226.0,2015,122,-9.62962962962963
226.0,2016,159,30.327868852459016
226.0,2017,108,-32.075471698113205
226.0,2018,74,-31.48148148148148
226.0,2019,112,51.35135135135135
226.0,2020,52,-53.57142857142857
226.0,2021,64,23.076923076923077
226.0,2022,34,-46.875
226.0,2023,20,-41.17647058823529
227.0,2006,122,
227.0,2007,109,-10.655737704918032
227.0,2008,88,-19.26605504587156
227.0,2009,129,46.590909090909086
227.0,2010,172,33.33333333333333
227.0,2011,113,-34.30232558139535
227.0,2012,120,6.1946902654867255
227.0,2013,158,31.666666666666664
227.0,2014,133,-15.822784810126583
227.0,2015,77,-42.10526315789473
227.0,2016,131,70.12987012987013
227.0,2017,124,-5.343511450381679
227.0,2018,106,-14.516129032258066
227.0,2019,64,-39.62264150943396
227.0,2020,41,-35.9375
227.0,2021,33,-19.51219512195122
227.0,2022,50,51.515151515151516
227.0,2023,44,-12.0
228.0,2006,32,
228.0,2007,41,28.125
228.0,2008,100,143.90243902439025
228.0,2009,82,-18.0
228.0,2010,47,-42.68292682926829
228.0,2011,35,-25.53191489361702
228.0,2012,37,5.714285714285714
228.0,2013,46,24.324324324324326
228.0,2014,97,110.86956521739131
228.0,2015,60,-38.144329896907216
228.0,2016,42,-30.0
228.0,2017,37,-11.904761904761903
228.0,2018,21,-43.24324324324324
228.0,2019,28,33.33333333333333
228.0,2020,20,-28.57142857142857
228.0,2021,28,40.0
228.0,2022,34,21.428571428571427
228.0,2023,25,-26.47058823529412
301.0,2006,5613,
301.0,2007,5286,-5.825761624799573
301.0,2008,5919,11.975028376844495
301.0,2009,5996,1.3008954215239061
301.0,2010,6085,1.4843228819212808
301.0,2011,6484,6.557107641741988
301.0,2012,6134,-5.3979025293028995
301.0,2013,6736,9.814150635800456
301.0,2014,5810,-13.747030878859858
301.0,2015,5169,-11.032702237521514
301.0,2016,5040,-2.4956471271038887
301.0,2017,5053,0.2579365079365079
301.0,2018,3971,-21.41302196714823
301.0,2019,3483,-12.289095945605641
301.0,2020,2123,-39.046798736721215
301.0,2021,2711,27.696655675930288
301.0,2022,3635,34.083364072298046
301.0,2023,1955,-46.217331499312245
302.0,2006,6947,
302.0,2007,7198,3.613070390096444
302.0,2008,7012,-2.5840511253125866
302.0,2009,7595,8.314318311466058
302.0,2010,8020,5.595786701777485
302.0,2011,8206,2.319201995012469
302.0,2012,7906,-3.65586156470875
302.0,2013,7485,-5.3250695674171515
302.0,2014,7577,1.229124916499666
302.0,2015,7165,-5.437508248647222
302.0,2016,7332,2.330774598743894
302.0,2017,6642,-9.410801963993453
302.0,2018,5216,-21.469436916591388
302.0,2019,4506,-13.611963190184047
302.0,2020,2719,-39.65823346648912
302.0,2021,2777,2.13313718278779
302.0,2022,4417,59.05653583003241
302.0,2023,2749,-37.76318768394838
303.0,2006,10942,
303.0,2007,13040,19.173825626028147
303.0,2008,12289,-5.75920245398773
303.0,2009,14928,21.47448938074701
303.0,2010,14365,-3.7714362272240085
303.0,2011,13417,-6.599373477201532
303.0,2012,13414,-0.022359692926883806
303.0,2013,13254,-1.1927836588638736
303.0,2014,11569,-12.71314320205221
303.0,2015,9266,-19.906647074077274
303.0,2016,8313,-10.28491258363911
303.0,2017,7117,-14.387104535065559
303.0,2018,6129,-13.882253758606156
303.0,2019,5185,-15.40218632729646
303.0,2020,3996,-22.931533269045325
303.0,2021,4037,1.0260260260260259
303.0,2022,4571,13.227644290314592
303.0,2023,2663,-41.74141325749289
304.0,2006,7286,
304.0,2007,8160,11.995608015371946
304.0,2008,8573,5.061274509803922
304.0,2009,8521,-0.6065554648314476
304.0,2010,8616,1.114892618237296
304.0,2011,9511,10.387650882079852
304.0,2012,8607,-9.504783934391757
304.0,2013,7340,-14.720576275124897
304.0,2014,6316,-13.950953678474114
304.0,2015,4994,-20.930968967701077
304.0,2016,4309,-13.716459751702043
304.0,2017,3944,-8.470642840566258
304.0,2018,3335,-15.441176470588236
304.0,2019,2981,-10.614692653673163
304.0,2020,1984,-33.44515263334451
304.0,2021,2207,11.23991935483871
304.0,2022,2411,9.243316719528773
304.0,2023,1508,-37.45333886354209
305.0,2006,12233,
305.0,2007,13150,7.496117060410365
305.0,2008,13605,3.4600760456273765
305.0,2009,15137,11.260565968393973
305.0,2010,15245,0.7134835172094867
305.0,2011,15606,2.3679895047556574
305.0,2012,15159,-2.8642829680891966
305.0,2013,14566,-3.9118675374365064
305.0,2014,13788,-5.34120554716463
305.0,2015,11841,-14.120974760661445
305.0,2016,10176,-14.061312389156322
305.0,2017,8159,-19.82114779874214
305.0,2018,6707,-17.796298566000736
305.0,2019,6046,-9.855374981362756
305.0,2020,3791,-37.2973867019517
305.0,2021,4266,12.529675547348983
305.0,2022,5651,32.466010314111585
305.0,2023,3626,-35.834365599009026
306.0,2006,4344,
306.0,2007,3655,-15.860957642725598
306.0,2008,3489,-4.54172366621067
306.0,2009,3439,-1.4330753797649758
306.0,2010,3233,-5.990113405059611
306.0,2011,3062,-5.289205072687906
306.0,2012,3474,13.455258001306337
306.0,2013,3120,-10.189982728842832
306.0,2014,3113,-0.22435897435897434
306.0,2015,3020,-2.987471892065532
306.0,2016,3657,21.092715231788077
306.0,2017,3694,1.0117582718074924
306.0,2018,3188,-13.6978884677856
306.0,2019,2406,-24.52948557089084
306.0,2020,1297,-46.09310058187864
306.0,2021,1309,0.9252120277563608
306.0,2022,1490,13.82734912146677
306.0,2023,1013,-32.013422818791945
307.0,2006,4233,
307.0,2007,4429,4.630285849279471
307.0,2008,4091,-7.631519530368029
307.0,2009,3829,-6.404302126619409
307.0,2010,4029,5.223295899712719
307.0,2011,3660,-9.158600148920328
307.0,2012,3637,-0.6284153005464481
307.0,2013,3597,-1.0998075336816058
307.0,2014,3686,2.4742841256602723
307.0,2015,3229,-12.398263700488334
307.0,2016,3387,4.893155775781976
307.0,2017,3865,14.112784174785947
307.0,2018,3334,-13.738680465717982
307.0,2019,3198,-4.079184163167366
307.0,2020,2059,-35.61601000625391
307.0,2021,2088,1.4084507042253522
307.0,2022,2424,16.091954022988507
307.0,2023,1426,-41.17161716171617
308.0,2006,6471,
308.0,2007,6963,7.603152526657395
308.0,2008,7013,0.7180812868016659
308.0,2009,7033,0.2851846570654499
308.0,2010,7422,5.53106782311958
308.0,2011,7428,0.08084074373484236
308.0,2012,6536,-12.00861604738826
308.0,2013,6483,-0.8108935128518973
308.0,2014,6068,-6.40135739626716
308.0,2015,4645,-23.450889914304547
308.0,2016,4657,0.25834230355220666
308.0,2017,4590,-1.438694438479708
308.0,2018,3983,-13.224400871459697
308.0,2019,3220,-19.15641476274165
308.0,2020,2217,-31.149068322981364
308.0,2021,2173,-1.9846639603067207
308.0,2022,2572,18.361711919005984
308.0,2023,1557,-39.46345256609642
309.0,2006,4651,
309.0,2007,5264,13.179961298645454
309.0,2008,4675,-11.189209726443769
309.0,2009,4964,6.181818181818182
309.0,2010,5441,9.609186140209507
309.0,2011,5173,-4.9255651534644365
309.0,2012,4557,-11.907983761840326
309.0,2013,4702,3.1819179284617074
309.0,2014,4759,1.2122501063377287
309.0,2015,4421,-7.102332422777895
309.0,2016,4011,-9.273919927618186
309.0,2017,3564,-11.144353029169784
309.0,2018,2973,-16.58249158249158
309.0,2019,2467,-17.01984527413387
309.0,2020,1433,-41.9132549655452
309.0,2021,1791,24.982554082344734
309.0,2022,2080,16.136236739251814
309.0,2023,1189,-42.83653846153846
310.0,2006,2013,
310.0,2007,2308,14.654744162940883
310.0,2008,2250,-2.512998266897747
310.0,2009,2481,10.266666666666667
310.0,2010,2544,2.539298669891173
310.0,2011,2366,-6.99685534591195
310.0,2012,2117,-10.524091293322064
310.0,2013,2316,9.40009447331129
310.0,2014,2349,1.4248704663212435
310.0,2015,2149,-8.514261387824607
310.0,2016,2640,22.847836202885063
310.0,2017,2893,9.583333333333334
310.0,2018,2507,-13.342550985136537
310.0,2019,2063,-17.710410849621063
310.0,2020,1379,-33.15559864275327
310.0,2021,1456,5.583756345177665
310.0,2022,1529,5.013736263736264
310.0,2023,1083,-29.16939175931982
311.0,2006,2598,
311.0,2007,2819,8.506543494996151
311.0,2008,2909,3.192621496984746
311.0,2009,2824,-2.9219663114472327
311.0,2010,2480,-12.181303116147308
311.0,2011,2466,-0.564516129032258
311.0,2012,2444,-0.8921330089213302
311.0,2013,2391,-2.1685761047463172
311.0,2014,2954,23.54663320786282
311.0,2015,2781,-5.856465809072444
311.0,2016,2551,-8.270406328658755
311.0,2017,2401,-5.880047040376323
311.0,2018,1651,-31.236984589754268
311.0,2019,1789,8.358570563294974
311.0,2020,1148,-35.83007266629402
311.0,2021,1488,29.61672473867596
311.0,2022,1728,16.129032258064516
311.0,2023,1015,-41.261574074074076
312.0,2006,1976,
312.0,2007,1972,-0.20242914979757085
312.0,2008,1781,-9.685598377281947
312.0,2009,1724,-3.200449185850646
312.0,2010,1782,3.3642691415313224
312.0,2011,1618,-9.20314253647587
312.0,2012,1666,2.966625463535229
312.0,2013,1823,9.423769507803122
312.0,2014,1885,3.4009873834339004
312.0,2015,1956,3.7665782493368702
312.0,2016,1903,-2.7096114519427403
312.0,2017,1478,-22.333158171308458
312.0,2018,1244,-15.832205683355886
312.0,2019,1219,-2.009646302250804
312.0,2020,945,-22.47744052502051
312.0,2021,1094,15.76719576719577
312.0,2022,1434,31.078610603290674
312.0,2023,719,-49.860529986052995
313.0,2006,4574,
313.0,2007,4961,8.460865763008307
313.0,2008,4800,-3.2453134448699856
313.0,2009,5177,7.854166666666666
313.0,2010,5037,-2.7042688815916556
313.0,2011,4490,-10.859638673813778
313.0,2012,4085,-9.020044543429844
313.0,2013,4329,5.973072215422277
313.0,2014,4563,5.405405405405405
313.0,2015,4899,7.363576594345825
313.0,2016,4471,-8.736476832006531
313.0,2017,4093,-8.454484455379111
313.0,2018,3818,-6.718788174932812
313.0,2019,3176,-16.81508643268727
313.0,2020,2199,-30.761964735516372
313.0,2021,2320,5.5025011368804
313.0,2022,2538,9.39655172413793
313.0,2023,1646,-35.1457840819543
314.0,2006,5200,
314.0,2007,5720,10.0
314.0,2008,5637,-1.451048951048951
314.0,2009,5816,3.1754479332978534
314.0,2010,6255,7.548143053645116
314.0,2011,5496,-12.134292565947243
314.0,2012,5090,-7.387190684133915
314.0,2013,5130,0.7858546168958742
314.0,2014,5331,3.91812865497076
314.0,2015,4349,-18.42055899456012
314.0,2016,3806,-12.485628880202345
314.0,2017,4005,5.228586442459275
314.0,2018,3806,-4.9687890137328345
314.0,2019,2973,-21.886495007882292
314.0,2020,1923,-35.317860746720484
314.0,2021,1994,3.692147685907436
314.0,2022,2405,20.611835506519558
314.0,2023,1349,-43.90852390852391
315.0,2006,3221,
315.0,2007,3423,6.271344303011488
315.0,2008,3243,-5.258545135845749
315.0,2009,3372,3.9777983348751156
315.0,2010,3074,-8.837485172004746
315.0,2011,3121,1.5289525048796355
315.0,2012,3296,5.6071771867991025
315.0,2013,3285,-0.33373786407766987
315.0,2014,3326,1.248097412480974
315.0,2015,2817,-15.303668069753456
315.0,2016,2662,-5.502307419240326
315.0,2017,2598,-2.404207362885049
315.0,2018,2244,-13.625866050808314
315.0,2019,2016,-10.16042780748663
315.0,2020,1390,-31.051587301587304
315.0,2021,1467,5.53956834532374
315.0,2022,1550,5.657805044308112
315.0,2023,990,-36.12903225806451
316.0,2006,8796,
316.0,2007,10057,14.336061846293772
316.0,2008,9929,-1.2727453514964702
316.0,2009,11364,14.452613556249371
316.0,2010,11666,2.6575149595212952
316.0,2011,12742,9.22338419338248
316.0,2012,11687,-8.279704912886517
316.0,2013,10248,-12.31282621716437
316.0,2014,9813,-4.244730679156908
316.0,2015,8380,-14.603077550188527
316.0,2016,7462,-10.954653937947494
316.0,2017,5934,-20.47708389171804
316.0,2018,5249,-11.543646781260533
316.0,2019,4233,-19.35606782244237
316.0,2020,2686,-36.54618473895582
316.0,2021,2508,-6.626954579300075
316.0,2022,3788,51.03668261562998
316.0,2023,2556,-32.52375923970433
317.0,2006,6300,
317.0,2007,6824,8.317460317460318
317.0,2008,5986,-12.28018757327081
317.0,2009,6727,12.378884062813231
317.0,2010,6198,-7.863832317526387
317.0,2011,6242,0.7099064214262665
317.0,2012,7018,12.43191284844601
317.0,2013,6615,-5.7423767455115415
317.0,2014,7083,7.07482993197279
317.0,2015,6379,-9.939291260765213
317.0,2016,5530,-13.309296127919737
317.0,2017,4830,-12.658227848101266
317.0,2018,4516,-6.50103519668737
317.0,2019,3856,-14.614703277236494
317.0,2020,2498,-35.21784232365145
317.0,2021,2916,16.733386709367494
317.0,2022,3135,7.510288065843622
317.0,2023,2036,-35.05582137161085
318.0,2006,4953,
318.0,2007,5527,11.588935998384816
318.0,2008,5277,-4.523249502442555
318.0,2009,5066,-3.9984839871138904
318.0,2010,5296,4.540071061981839
318.0,2011,5677,7.194108761329305
318.0,2012,5715,0.6693676237449357
318.0,2013,5475,-4.199475065616798
318.0,2014,6007,9.71689497716895
318.0,2015,5157,-14.15015814882637
318.0,2016,5035,-2.365716501842156
318.0,2017,4808,-4.508440913604766
318.0,2018,4199,-12.66638935108153
318.0,2019,3266,-22.21957608954513
318.0,2020,2393,-26.729944886711575
318.0,2021,2824,18.0108650229837
318.0,2022,3599,27.443342776203966
318.0,2023,2008,-44.206724090025006
355.0,2006,532,
355.0,2007,446,-16.165413533834585
355.0,2008,371,-16.81614349775785
355.0,2009,472,27.22371967654987
355.0,2010,594,25.847457627118644
355.0,2011,606,2.0202020202020203
355.0,2012,561,-7.425742574257425
355.0,2013,407,-27.450980392156865
355.0,2014,406,-0.2457002457002457
355.0,2015,426,4.926108374384237
355.0,2016,461,8.215962441314554
355.0,2017,315,-31.670281995661604
355.0,2018,236,-25.07936507936508
355.0,2019,147,-37.71186440677966
355.0,2020,57,-61.224489795918366
355.0,2021,82,43.859649122807014
355.0,2022,54,-34.146341463414636
355.0,2023,29,-46.2962962962963
356.0,2006,17,
356.0,2007,33,94.11764705882352
356.0,2008,44,33.33333333333333
356.0,2009,27,-38.63636363636363
356.0,2010,32,18.51851851851852
356.0,2011,16,-50.0
356.0,2012,20,25.0
356.0,2013,16,-20.0
356.0,2014,64,300.0
356.0,2015,22,-65.625
356.0,2016,87,295.45454545454544
356.0,2017,47,-45.97701149425287
356.0,2018,39,-17.02127659574468
356.0,2019,21,-46.15384615384615
356.0,2020,2,-90.47619047619048
356.0,2021,19,850.0
356.0,2022,32,68.42105263157895
356.0,2023,45,40.625
401.0,2006,6610,
401.0,2007,7471,13.02571860816944
401.0,2008,6290,-15.80779012180431
401.0,2009,6229,-0.9697933227344993
401.0,2010,5765,-7.4490287365548244
401.0,2011,5481,-4.9262792714657415
401.0,2012,5415,-1.20415982484948
401.0,2013,5917,9.270544783010157
401.0,2014,6086,2.856177116782153
401.0,2015,5312,-12.717712783437396
401.0,2016,5759,8.414909638554217
401.0,2017,5274,-8.42160097239104
401.0,2018,4243,-19.548729616989004
401.0,2019,3539,-16.592033938251237
401.0,2020,2638,-25.459169256852217
401.0,2021,3451,30.818802122820316
401.0,2022,3806,10.28687337003767
401.0,2023,1802,-52.65370467682607
402.0,2006,3254,
402.0,2007,3419,5.070682237246467
402.0,2008,2945,-13.863702837086866
402.0,2009,2724,-7.504244482173175
402.0,2010,2962,8.737151248164464
402.0,2011,2877,-2.8696826468602294
402.0,2012,2171,-24.53945081682308
402.0,2013,2807,29.29525564256103
402.0,2014,2685,-4.346277164232276
402.0,2015,2331,-13.184357541899441
402.0,2016,1982,-14.972114972114973
402.0,2017,2145,8.22401614530777
402.0,2018,1901,-11.375291375291376
402.0,2019,1766,-7.101525512887953
402.0,2020,1005,-43.091732729331824
402.0,2021,1538,53.03482587064676
402.0,2022,2001,30.10403120936281
402.0,2023,1084,-45.82708645677162
403.0,2006,8446,
403.0,2007,9124,8.027468624200806
403.0,2008,9348,2.4550635686102584
403.0,2009,10447,11.756525459991442
403.0,2010,9286,-11.113238250215373
403.0,2011,8302,-10.59659702778376
403.0,2012,7491,-9.768730426403275
403.0,2013,7692,2.683219863836604
403.0,2014,7781,1.1570462818512741
403.0,2015,6262,-19.52191235059761
403.0,2016,5491,-12.312360268284893
403.0,2017,5169,-5.86414132216354
403.0,2018,4612,-10.77577868059586
403.0,2019,4305,-6.65654813529922
403.0,2020,2653,-38.3739837398374
403.0,2021,2603,-1.8846588767433095
403.0,2022,2874,10.41106415674222
403.0,2023,1713,-40.396659707724424
404.0,2006,4885,
404.0,2007,5375,10.030706243602866
404.0,2008,5073,-5.618604651162791
404.0,2009,4827,-4.849201655824956
404.0,2010,4908,1.6780609073958979
404.0,2011,4411,-10.126324368378157
404.0,2012,4148,-5.962366810247109
404.0,2013,4241,2.2420443587270973
404.0,2014,4333,2.169299693468522
404.0,2015,4344,0.2538656819755366
404.0,2016,3682,-15.239410681399631
404.0,2017,3112,-15.480717001629548
404.0,2018,3205,2.988431876606684
404.0,2019,2910,-9.204368174726989
404.0,2020,2004,-31.1340206185567
404.0,2021,2199,9.73053892215569
404.0,2022,3026,37.60800363801728
404.0,2023,1945,-35.72372769332452
405.0,2006,4141,
405.0,2007,3680,-11.132576672301377
405.0,2008,3943,7.146739130434783
405.0,2009,4505,14.253106771493787
405.0,2010,5197,15.360710321864596
405.0,2011,4966,-4.44487204156244
405.0,2012,4700,-5.3564236810310115
405.0,2013,4640,-1.276595744680851
405.0,2014,4527,-2.435344827586207
405.0,2015,3651,-19.350563286944997
405.0,2016,3095,-15.228704464530265
405.0,2017,3034,-1.9709208400646203
405.0,2018,2680,-11.667765326301911
405.0,2019,2254,-15.895522388059701
405.0,2020,1909,-15.306122448979592
405.0,2021,1894,-0.7857517024620221
405.0,2022,1938,2.3231256599788805
405.0,2023,1009,-47.936016511867905
406.0,2006,2361,
406.0,2007,2322,-1.6518424396442184
406.0,2008,2250,-3.10077519379845
406.0,2009,2562,13.866666666666665
406.0,2010,2504,-2.2638563622170182
406.0,2011,2427,-3.0750798722044728
406.0,2012,2523,3.955500618046971
406.0,2013,2636,4.478795085216013
406.0,2014,2578,-2.2003034901365703
406.0,2015,2199,-14.70131885182312
406.0,2016,1876,-14.688494770350157
406.0,2017,1514,-19.29637526652452
406.0,2018,1570,3.6988110964332894
406.0,2019,1626,3.56687898089172
406.0,2020,1041,-35.97785977859779
406.0,2021,1365,31.12391930835735
406.0,2022,1521,11.428571428571429
406.0,2023,741,-51.28205128205128
407.0,2006,5298,
407.0,2007,4932,-6.908267270668176
407.0,2008,4806,-2.5547445255474455
407.0,2009,4933,2.6425301706200583
407.0,2010,4897,-0.7297790391242651
407.0,2011,5550,13.334694711047579
407.0,2012,5326,-4.036036036036036
407.0,2013,5421,1.7837025910627111
407.0,2014,5073,-6.419479800774765
407.0,2015,4550,-10.309481569091268
407.0,2016,4306,-5.362637362637362
407.0,2017,4122,-4.273107292150487
407.0,2018,4041,-1.9650655021834063
407.0,2019,3534,-12.546399406087602
407.0,2020,2258,-36.106395019807586
407.0,2021,2547,12.798937112488929
407.0,2022,3462,35.924617196702
407.0,2023,2189,-36.77065280184864
408.0,2006,3637,
408.0,2007,3155,-13.252680780863349
408.0,2008,3251,3.0427892234548337
408.0,2009,3515,8.120578283605044
408.0,2010,3516,0.028449502133712664
408.0,2011,3030,-13.822525597269625
408.0,2012,3318,9.504950495049505
408.0,2013,3682,10.970464135021098
408.0,2014,3667,-0.4073872895165671
408.0,2015,3132,-14.589582765203163
408.0,2016,2974,-5.044699872286079
408.0,2017,3305,11.129791526563551
408.0,2018,2418,-26.838124054462938
408.0,2019,2093,-13.440860215053762
408.0,2020,1415,-32.393693263258484
408.0,2021,1695,19.78798586572438
408.0,2022,2047,20.766961651917406
408.0,2023,1127,-44.9438202247191
409.0,2006,4011,
409.0,2007,4685,16.80378957865869
409.0,2008,4994,6.595517609391675
409.0,2009,4533,-9.231077292751301
409.0,2010,4751,4.809177145378336
409.0,2011,4258,-10.37676278678173
409.0,2012,4203,-1.2916862376702678
409.0,2013,4685,11.467999048298834
409.0,2014,4133,-11.782283884738527
409.0,2015,3916,-5.2504234212436485
409.0,2016,4316,10.21450459652707
409.0,2017,4108,-4.819277108433735
409.0,2018,3526,-14.167478091528723
409.0,2019,2842,-19.398752127056156
409.0,2020,1949,-31.421534130893736
409.0,2021,2230,14.417650076962547
409.0,2022,2514,12.73542600896861
409.0,2023,1554,-38.18615751789976
410.0,2006,3130,
410.0,2007,3676,17.444089456869012
410.0,2008,3243,-11.7791077257889
410.0,2009,3413,5.242059821153253
410.0,2010,3395,-0.527395253442719
410.0,2011,3404,0.2650957290132548
410.0,2012,3662,7.579318448883667
410.0,2013,4198,14.636810486073184
410.0,2014,3562,-15.15007146260124
410.0,2015,3273,-8.11341942728804
410.0,2016,3282,0.27497708524289644
410.0,2017,2856,-12.979890310786105
410.0,2018,2737,-4.166666666666666
410.0,2019,2405,-12.130069419071976
410.0,2020,1719,-28.523908523908524
410.0,2021,1901,10.587550901687028
410.0,2022,2351,23.671751709626513
410.0,2023,1447,-38.45172267120374
411.0,2006,1946,
411.0,2007,1830,-5.960945529290853
411.0,2008,1851,1.1475409836065573
411.0,2009,1848,-0.1620745542949757
411.0,2010,1801,-2.5432900432900434
411.0,2011,1559,-13.436979455857855
411.0,2012,1614,3.527902501603592
411.0,2013,1660,2.8500619578686495
411.0,2014,1434,-13.614457831325302
411.0,2015,1476,2.928870292887029
411.0,2016,1584,7.317073170731707
411.0,2017,1409,-11.047979797979798
411.0,2018,1054,-25.195173882185944
411.0,2019,952,-9.67741935483871
411.0,2020,580,-39.075630252100844
411.0,2021,700,20.689655172413794
411.0,2022,736,5.142857142857142
411.0,2023,460,-37.5
412.0,2006,12161,
412.0,2007,13360,9.859386563604966
412.0,2008,14142,5.8532934131736525
412.0,2009,15397,8.874275208598501
412.0,2010,14221,-7.637851529518737
412.0,2011,14174,-0.33049715209900854
412.0,2012,15320,8.085226471003246
412.0,2013,17342,13.198433420365536
412.0,2014,17999,3.7884903701995154
412.0,2015,15630,-13.161842324573586
412.0,2016,12920,-17.338451695457454
412.0,2017,10832,-16.1609907120743
412.0,2018,10234,-5.520679468242245
412.0,2019,9978,-2.5014657025600937
412.0,2020,6228,-37.5826819001804
412.0,2021,6406,2.8580603725112397
412.0,2022,7779,21.43303153293787
412.0,2023,5366,-31.019411235377298
413.0,2006,4918,
413.0,2007,4407,-10.390402602684018
413.0,2008,3881,-11.935557068300431
413.0,2009,4477,15.356866786910588
413.0,2010,4480,0.06700915791824882
413.0,2011,4517,0.8258928571428572
413.0,2012,4449,-1.505423953951738
413.0,2013,5034,13.149022252191504
413.0,2014,4922,-2.2248708780294004
413.0,2015,3878,-21.210889882161723
413.0,2016,3762,-2.9912325941206808
413.0,2017,3868,2.817650186071239
413.0,2018,3190,-17.52843846949328
413.0,2019,2685,-15.830721003134796
413.0,2020,2072,-22.83054003724395
413.0,2021,2117,2.171814671814672
413.0,2022,2679,26.547000472366555
413.0,2023,1869,-30.23516237402016
414.0,2006,5040,
414.0,2007,5430,7.738095238095238
414.0,2008,5772,6.2983425414364635
414.0,2009,5773,0.017325017325017324
414.0,2010,5850,1.3337952537675386
414.0,2011,5543,-5.247863247863248
414.0,2012,5180,-6.5488002886523535
414.0,2013,5244,1.2355212355212355
414.0,2014,6609,26.029748283752863
414.0,2015,5287,-20.003026176426086
414.0,2016,4961,-6.166067713258936
414.0,2017,4573,-7.82100382987301
414.0,2018,4242,-7.23813689044391
414.0,2019,3490,-17.727487034417727
414.0,2020,2439,-30.11461318051576
414.0,2021,2314,-5.125051250512505
414.0,2022,2569,11.019878997407087
414.0,2023,1443,-43.830284157259634
480.0,2006,32,
480.0,2007,29,-9.375
480.0,2008,11,-62.06896551724138
480.0,2009,33,200.0
480.0,2010,37,12.121212121212121
480.0,2011,29,-21.62162162162162
480.0,2012,116,300.0
480.0,2013,249,114.65517241379311
480.0,2014,138,-44.57831325301205
480.0,2015,95,-31.15942028985507
480.0,2016,67,-29.47368421052631
480.0,2017,73,8.955223880597014
480.0,2018,117,60.273972602739725
480.0,2019,91,-22.22222222222222
480.0,2020,29,-68.13186813186813
480.0,2021,21,-27.586206896551722
480.0,2022,34,61.904761904761905
480.0,2023,24,-29.411764705882355
481.0,2006,445,
481.0,2007,420,-5.617977528089887
481.0,2008,412,-1.9047619047619049
481.0,2009,411,-0.24271844660194172
481.0,2010,478,16.30170316301703
481.0,2011,511,6.903765690376569
481.0,2012,506,-0.9784735812133072
481.0,2013,587,16.007905138339922
481.0,2014,507,-13.62862010221465
481.0,2015,474,-6.508875739644971
481.0,2016,267,-43.67088607594937
481.0,2017,213,-20.224719101123593
481.0,2018,152,-28.638497652582164
481.0,2019,119,-21.710526315789476
481.0,2020,52,-56.30252100840336
481.0,2021,66,26.923076923076923
481.0,2022,108,63.63636363636363
481.0,2023,65,-39.81481481481482
482.0,2006,62,
482.0,2007,37,-40.32258064516129
482.0,2008,64,72.97297297297297
482.0,2009,94,46.875
482.0,2010,55,-41.48936170212766
482.0,2011,71,29.09090909090909
482.0,2012,108,52.112676056338024
482.0,2013,146,35.18518518518518
482.0,2014,81,-44.52054794520548
482.0,2015,54,-33.33333333333333
482.0,2016,139,157.40740740740742
482.0,2017,188,35.25179856115108
482.0,2018,48,-74.46808510638297
482.0,2019,17,-64.58333333333334
482.0,2020,13,-23.52941176470588
482.0,2021,23,76.92307692307693
482.0,2022,16,-30.434782608695656
482.0,2023,22,37.5
483.0,2006,2,
483.0,2007,3,50.0
483.0,2008,7,133.33333333333331
483.0,2009,3,-57.14285714285714
483.0,2010,3,0.0
483.0,2011,2,-33.33333333333333
483.0,2012,4,100.0
483.0,2013,2,-50.0
483.0,2014,1,-50.0
483.0,2015,5,400.0
483.0,2018,2,100.0
483.0,2019,2,0.0
483.0,2020,1,-50.0
483.0,2021,3,200.0
483.0,2022,2,-33.33333333333333
483.0,2023,3,50.0
484.0,2007,1,100.0
484.0,2008,2,100.0
484.0,2009,5,150.0
484.0,2010,8,60.0
484.0,2011,6,-25.0
484.0,2012,1,-83.33333333333334
484.0,2013,9,800.0
484.0,2014,5,-44.44444444444444
484.0,2015,3,-40.0
484.0,2016,7,133.33333333333331
484.0,2017,3,-57.14285714285714
484.0,2018,11,266.66666666666663
484.0,2019,2,-81.81818181818183
484.0,2020,2,0.0
484.0,2021,2,0.0
484.0,2022,2,0.0
484.0,2023,1,-50.0
501.0,2006,7363,
501.0,2007,7688,4.413961700393862
501.0,2008,9212,19.823100936524455
501.0,2009,8680,-5.775075987841945
501.0,2010,8823,1.6474654377880185
501.0,2011,8614,-2.3688087951943784
501.0,2012,7871,-8.625493382865104
501.0,2013,7510,-4.586456612882734
501.0,2014,8112,8.015978695073235
501.0,2015,6733,-16.99950690335306
501.0,2016,7656,13.708599435615623
501.0,2017,7060,-7.784743991640543
501.0,2018,6628,-6.118980169971672
501.0,2019,5692,-14.121907060953532
501.0,2020,3961,-30.411103302881237
501.0,2021,4736,19.56576622065135
501.0,2022,5537,16.913006756756758
501.0,2023,3280,-40.76214556619108
502.0,2006,3419,
502.0,2007,3133,-8.365019011406844
502.0,2008,3733,19.150973507819984
502.0,2009,3197,-14.358424859362442
502.0,2010,3312,3.597122302158273
502.0,2011,3247,-1.96256038647343
502.0,2012,3148,-3.0489682784108405
502.0,2013,3086,-1.9695044472681067
502.0,2014,3187,3.2728451069345432
502.0,2015,2536,-20.426733605271416
502.0,2016,2698,6.38801261829653
502.0,2017,2291,-15.08524833209785
502.0,2018,2182,-4.757747708424269
502.0,2019,2019,-7.470210815765353
502.0,2020,1267,-37.246161466072316
502.0,2021,1430,12.86503551696922
502.0,2022,1661,16.153846153846153
502.0,2023,918,-44.73208910295003
503.0,2006,1610,
503.0,2007,1565,-2.7950310559006213
503.0,2008,2028,29.58466453674121
503.0,2009,2082,2.6627218934911245
503.0,2010,2117,1.6810758885686838
503.0,2011,2128,0.5196032120925839
503.0,2012,1976,-7.142857142857142
503.0,2013,2112,6.882591093117409
503.0,2014,1955,-7.433712121212121
503.0,2015,1838,-5.9846547314578
503.0,2016,1973,7.3449401523394995
503.0,2017,2016,2.1794221996958947
503.0,2018,1605,-20.386904761904763
503.0,2019,1310,-18.38006230529595
503.0,2020,961,-26.641221374045802
503.0,2021,1038,8.012486992715921
503.0,2022,1163,12.042389210019268
503.0,2023,679,-41.61650902837489
595.0,2006,14,
595.0,2007,25,78.57142857142857
595.0,2008,30,20.0
595.0,2009,14,-53.333333333333336
595.0,2010,9,-35.714285714285715
595.0,2011,36,300.0
595.0,2012,24,-33.33333333333333
595.0,2013,13,-45.83333333333333
595.0,2014,23,76.92307692307693
595.0,2015,11,-52.17391304347826
595.0,2016,17,54.54545454545454
595.0,2017,11,-35.294117647058826
595.0,2018,9,-18.181818181818183
595.0,2019,11,22.22222222222222
595.0,2020,6,-45.45454545454545
595.0,2021,7,16.666666666666664
595.0,2022,14,100.0
595.0,2023,9,-35.714285714285715
483.0,2016,0,-100.0
483.0,2017,0,0.0
484.0,2006,0,
