Congressional_District,ARREST_YEAR,ARREST_QUARTER,#_ARRESTS,ARREST_CHANGE
3.0,2006,0,607,
3.0,2006,1,619,1.9769357495881383
3.0,2006,2,475,-23.263327948303715
3.0,2006,3,636,33.89473684210526
3.0,2007,0,654,2.8301886792452833
3.0,2007,1,692,5.81039755351682
3.0,2007,2,668,-3.4682080924855487
3.0,2007,3,596,-10.778443113772456
3.0,2008,0,612,2.684563758389262
3.0,2008,1,571,-6.699346405228758
3.0,2008,2,556,-2.626970227670753
3.0,2008,3,535,-3.776978417266187
3.0,2009,0,680,27.102803738317753
3.0,2009,1,650,-4.411764705882353
3.0,2009,2,545,-16.153846153846153
3.0,2009,3,579,6.238532110091743
3.0,2010,0,590,1.8998272884283247
3.0,2010,1,593,0.5084745762711864
3.0,2010,2,614,3.541315345699832
3.0,2010,3,565,-7.980456026058631
3.0,2011,0,595,5.3097345132743365
3.0,2011,1,677,13.781512605042018
3.0,2011,2,577,-14.771048744460858
3.0,2011,3,581,0.6932409012131715
3.0,2012,0,746,28.399311531841654
3.0,2012,1,662,-11.26005361930295
3.0,2012,2,579,-12.537764350453173
3.0,2012,3,538,-7.081174438687392
3.0,2013,0,710,31.970260223048324
3.0,2013,1,613,-13.661971830985916
3.0,2013,2,643,4.893964110929853
3.0,2013,3,724,12.597200622083982
3.0,2014,0,755,4.281767955801105
3.0,2014,1,748,-0.9271523178807948
3.0,2014,2,608,-18.71657754010695
3.0,2014,3,710,16.776315789473685
3.0,2015,0,604,-14.929577464788732
3.0,2015,1,588,-2.6490066225165565
3.0,2015,2,653,11.054421768707483
3.0,2015,3,602,-7.810107197549771
3.0,2016,0,615,2.1594684385382057
3.0,2016,1,667,8.455284552845528
3.0,2016,2,624,-6.446776611694154
3.0,2016,3,609,-2.403846153846154
3.0,2017,0,600,-1.477832512315271
3.0,2017,1,639,6.5
3.0,2017,2,565,-11.580594679186229
3.0,2017,3,609,7.787610619469026
3.0,2018,0,488,-19.868637110016422
3.0,2018,1,577,18.237704918032787
3.0,2018,2,617,6.932409012131716
3.0,2018,3,497,-19.448946515397083
3.0,2019,0,500,0.6036217303822937
3.0,2019,1,487,-2.6
3.0,2019,2,462,-5.133470225872689
3.0,2019,3,438,-5.194805194805195
3.0,2020,0,398,-9.1324200913242
3.0,2020,1,315,-20.85427135678392
3.0,2020,2,327,3.8095238095238098
3.0,2020,3,387,18.34862385321101
3.0,2021,0,363,-6.2015503875969
3.0,2021,1,314,-13.498622589531681
3.0,2021,2,405,28.980891719745223
3.0,2021,3,406,0.24691358024691357
3.0,2022,0,416,2.4630541871921183
3.0,2022,1,577,38.70192307692308
3.0,2022,2,529,-8.31889081455806
3.0,2022,3,447,-15.500945179584122
3.0,2023,0,506,13.19910514541387
3.0,2023,1,609,20.35573122529644
5.0,2006,0,6917,
5.0,2006,1,7248,4.785311551250542
5.0,2006,2,7078,-2.345474613686534
5.0,2006,3,6748,-4.662333992653292
5.0,2007,0,7575,12.255483106105512
5.0,2007,1,7603,0.3696369636963696
5.0,2007,2,7560,-0.565566223859003
5.0,2007,3,7165,-5.224867724867725
5.0,2008,0,8163,13.928820655966504
5.0,2008,1,7463,-8.575278696557637
5.0,2008,2,7679,2.894278440305507
5.0,2008,3,7291,-5.052741242349264
5.0,2009,0,8064,10.602112193114799
5.0,2009,1,8216,1.8849206349206349
5.0,2009,2,8304,1.071080817916261
5.0,2009,3,7507,-9.597784200385357
5.0,2010,0,7944,5.82123351538564
5.0,2010,1,8370,5.362537764350453
5.0,2010,2,7983,-4.623655913978494
5.0,2010,3,7242,-9.282224727546035
5.0,2011,0,7800,7.705053852526926
5.0,2011,1,8209,5.243589743589744
5.0,2011,2,7425,-9.550493360945305
5.0,2011,3,6979,-6.006734006734007
5.0,2012,0,8416,20.590342455939243
5.0,2012,1,8025,-4.645912547528517
5.0,2012,2,8508,6.018691588785047
5.0,2012,3,6433,-24.388810531264692
5.0,2013,0,8284,28.773511580910927
5.0,2013,1,8985,8.462095605987447
5.0,2013,2,8970,-0.1669449081803005
5.0,2013,3,8711,-2.887402452619844
5.0,2014,0,9368,7.542188038112731
5.0,2014,1,9196,-1.8360375747224593
5.0,2014,2,9613,4.534580252283601
5.0,2014,3,7547,-21.49172994902736
5.0,2015,0,7636,1.1792765337220088
5.0,2015,1,7791,2.0298585646935567
5.0,2015,2,8149,4.59504556539597
5.0,2015,3,7130,-12.504601791630876
5.0,2016,0,7460,4.628330995792426
5.0,2016,1,7364,-1.2868632707774799
5.0,2016,2,6541,-11.175991309071156
5.0,2016,3,6206,-5.121541048769301
5.0,2017,0,6582,6.058652916532388
5.0,2017,1,6348,-3.555150410209663
5.0,2017,2,5877,-7.4196597353497165
5.0,2017,3,5928,0.8677896886166412
5.0,2018,0,5899,-0.4892037786774629
5.0,2018,1,5664,-3.9837260552636042
5.0,2018,2,5604,-1.059322033898305
5.0,2018,3,5069,-9.546752319771592
5.0,2019,0,5211,2.8013414874728744
5.0,2019,1,5376,3.166378814047208
5.0,2019,2,5117,-4.817708333333334
5.0,2019,3,4309,-15.790502247410593
5.0,2020,0,4218,-2.111858899976793
5.0,2020,1,3017,-28.473210052157423
5.0,2020,2,2755,-8.684123301292674
5.0,2020,3,3291,19.45553539019964
5.0,2021,0,3470,5.439076268611364
5.0,2021,1,3315,-4.46685878962536
5.0,2021,2,3709,11.885369532428355
5.0,2021,3,3366,-9.247775680776488
5.0,2022,0,3645,8.288770053475936
5.0,2022,1,4126,13.19615912208505
5.0,2022,2,4276,3.6354823073194376
5.0,2022,3,4363,2.0346117867165576
5.0,2023,0,5162,18.31308732523493
5.0,2023,1,5700,10.42231693142193
6.0,2006,0,5260,
6.0,2006,1,4723,-10.209125475285171
6.0,2006,2,4218,-10.692356553038323
6.0,2006,3,4389,4.054054054054054
6.0,2007,0,4783,8.976987924356346
6.0,2007,1,4613,-3.554254651892118
6.0,2007,2,4572,-0.8887925428137872
6.0,2007,3,4164,-8.923884514435695
6.0,2008,0,4637,11.359269932756964
6.0,2008,1,4416,-4.766012508087125
6.0,2008,2,4206,-4.755434782608696
6.0,2008,3,4510,7.2277698525915355
6.0,2009,0,5072,12.46119733924612
6.0,2009,1,4863,-4.120662460567823
6.0,2009,2,4285,-11.885667283569813
6.0,2009,3,4168,-2.7304550758459745
6.0,2010,0,4601,10.388675623800383
6.0,2010,1,4792,4.151271462725494
6.0,2010,2,4246,-11.39398998330551
6.0,2010,3,4524,6.547338671691004
6.0,2011,0,4672,3.2714412024756854
6.0,2011,1,4796,2.654109589041096
6.0,2011,2,4026,-16.055045871559635
6.0,2011,3,4152,3.129657228017884
6.0,2012,0,4623,11.34393063583815
6.0,2012,1,4360,-5.688946571490374
6.0,2012,2,4211,-3.4174311926605507
6.0,2012,3,3870,-8.097838993113275
6.0,2013,0,4543,17.39018087855297
6.0,2013,1,4741,4.358353510895883
6.0,2013,2,4493,-5.230963931659987
6.0,2013,3,4285,-4.62942354774093
6.0,2014,0,4286,0.023337222870478413
6.0,2014,1,4632,8.0727951469902
6.0,2014,2,4491,-3.0440414507772022
6.0,2014,3,3995,-11.044310843910042
6.0,2015,0,3681,-7.859824780976219
6.0,2015,1,4136,12.360771529475686
6.0,2015,2,3926,-5.077369439071567
6.0,2015,3,3792,-3.413143148242486
6.0,2016,0,3568,-5.9071729957805905
6.0,2016,1,3592,0.672645739910314
6.0,2016,2,3449,-3.9810690423162582
6.0,2016,3,3518,2.000579878225573
6.0,2017,0,3525,0.1989766913018761
6.0,2017,1,3255,-7.659574468085106
6.0,2017,2,3068,-5.745007680491551
6.0,2017,3,3086,0.5867014341590613
6.0,2018,0,3057,-0.9397278029812054
6.0,2018,1,3114,1.8645731108930326
6.0,2018,2,3022,-2.954399486191394
6.0,2018,3,2744,-9.199205823957644
6.0,2019,0,2810,2.4052478134110786
6.0,2019,1,3000,6.761565836298933
6.0,2019,2,2681,-10.633333333333333
6.0,2019,3,2437,-9.101081685938082
6.0,2020,0,2213,-9.191629052113253
6.0,2020,1,1395,-36.96339810212381
6.0,2020,2,1592,14.121863799283155
6.0,2020,3,1805,13.379396984924623
6.0,2021,0,2120,17.451523545706372
6.0,2021,1,1870,-11.79245283018868
6.0,2021,2,2148,14.866310160427807
6.0,2021,3,2273,5.819366852886406
6.0,2022,0,2436,7.171139463264408
6.0,2022,1,2699,10.796387520525453
6.0,2022,2,2487,-7.854761022600963
6.0,2022,3,2702,8.644953759549658
6.0,2023,0,3134,15.988156920799407
6.0,2023,1,2964,-5.424377791959158
7.0,2006,0,7438,
7.0,2006,1,7501,0.8470018822264049
7.0,2006,2,7120,-5.079322756965738
7.0,2006,3,7302,2.556179775280899
7.0,2007,0,8050,10.243768830457409
7.0,2007,1,7813,-2.9440993788819876
7.0,2007,2,7607,-2.6366312555996414
7.0,2007,3,7222,-5.061127908505323
7.0,2008,0,7891,9.26336194959845
7.0,2008,1,8057,2.1036624002027624
7.0,2008,2,7675,-4.741218815936453
7.0,2008,3,7133,-7.061889250814332
7.0,2009,0,8128,13.949249964951631
7.0,2009,1,8222,1.156496062992126
7.0,2009,2,7823,-4.852833860374605
7.0,2009,3,7085,-9.433721078869999
7.0,2010,0,7847,10.755116443189838
7.0,2010,1,8366,6.6139926086402445
7.0,2010,2,7740,-7.48266794166866
7.0,2010,3,7844,1.3436692506459949
7.0,2011,0,8920,13.717491075981641
7.0,2011,1,8953,0.36995515695067266
7.0,2011,2,7797,-12.91187311515693
7.0,2011,3,7195,-7.720918301910991
7.0,2012,0,8731,21.348158443363445
7.0,2012,1,8379,-4.031611499255526
7.0,2012,2,7469,-10.86048454469507
7.0,2012,3,6373,-14.673985808006426
7.0,2013,0,7900,23.96045818295936
7.0,2013,1,8225,4.113924050632911
7.0,2013,2,7844,-4.632218844984803
7.0,2013,3,6894,-12.11116777154513
7.0,2014,0,7539,9.355961705831158
7.0,2014,1,7894,4.708847327231728
7.0,2014,2,7017,-11.109703572333418
7.0,2014,3,5883,-16.16075245831552
7.0,2015,0,5579,-5.167431582525922
7.0,2015,1,6199,11.11310270657824
7.0,2015,2,6149,-0.8065817067268913
7.0,2015,3,5485,-10.798503821759637
7.0,2016,0,5971,8.86052871467639
7.0,2016,1,5855,-1.9427231619494223
7.0,2016,2,5172,-11.665243381725022
7.0,2016,3,4995,-3.4222737819025526
7.0,2017,0,5237,4.844844844844845
7.0,2017,1,5458,4.219973267137674
7.0,2017,2,5187,-4.965188713814584
7.0,2017,3,4937,-4.819741661846924
7.0,2018,0,4759,-3.6054283978124366
7.0,2018,1,4334,-8.930447573019542
7.0,2018,2,4061,-6.299030918320259
7.0,2018,3,3739,-7.929081507017976
7.0,2019,0,3807,1.8186680930730144
7.0,2019,1,3764,-1.12949829261886
7.0,2019,2,3786,0.5844845908607864
7.0,2019,3,3133,-17.247754886423667
7.0,2020,0,3039,-3.000319182891797
7.0,2020,1,2018,-33.596577821651856
7.0,2020,2,2080,3.072348860257681
7.0,2020,3,2681,28.894230769230766
7.0,2021,0,2856,6.527415143603134
7.0,2021,1,2552,-10.644257703081232
7.0,2021,2,3013,18.064263322884013
7.0,2021,3,2824,-6.272817789578493
7.0,2022,0,3292,16.572237960339944
7.0,2022,1,3634,10.388821385176184
7.0,2022,2,3589,-1.2383048981838194
7.0,2022,3,3628,1.0866536639732516
7.0,2023,0,3922,8.103638368246969
7.0,2023,1,4137,5.481896991330953
8.0,2006,0,9640,
8.0,2006,1,9864,2.323651452282158
8.0,2006,2,9740,-1.257096512570965
8.0,2006,3,9768,0.2874743326488706
8.0,2007,0,10724,9.787059787059787
8.0,2007,1,10873,1.3894069377098097
8.0,2007,2,11655,7.192127287777063
8.0,2007,3,10308,-11.557271557271557
8.0,2008,0,11308,9.701202949165696
8.0,2008,1,10767,-4.7842235585426245
8.0,2008,2,10627,-1.300269341506455
8.0,2008,3,10274,-3.3217276747906275
8.0,2009,0,12047,17.25715398092272
8.0,2009,1,12390,2.8471818710052292
8.0,2009,2,12699,2.4939467312348667
8.0,2009,3,11270,-11.252854555476809
8.0,2010,0,11892,5.51907719609583
8.0,2010,1,12746,7.181298351833165
8.0,2010,2,12302,-3.4834457869135416
8.0,2010,3,11013,-10.477971061615996
8.0,2011,0,11798,7.127939707618269
8.0,2011,1,12653,7.246991015426343
8.0,2011,2,12709,0.44258278669090334
8.0,2011,3,10998,-13.462900306869146
8.0,2012,0,12690,15.384615384615385
8.0,2012,1,12344,-2.72655634357762
8.0,2012,2,12267,-0.6237848347375243
8.0,2012,3,9289,-24.276514225156927
8.0,2013,0,11382,22.532027128862094
8.0,2013,1,11904,4.586188719030047
8.0,2013,2,11422,-4.049059139784946
8.0,2013,3,10064,-11.889336368411838
8.0,2014,0,10469,4.024244833068362
8.0,2014,1,11513,9.97229916897507
8.0,2014,2,12078,4.907495874229132
8.0,2014,3,8628,-28.56433184302037
8.0,2015,0,8833,2.3759851645804355
8.0,2015,1,9849,11.502320842295937
8.0,2015,2,10089,2.436795613767895
8.0,2015,3,8204,-18.683714937060163
8.0,2016,0,8874,8.166747927840078
8.0,2016,1,8581,-3.301780482307866
8.0,2016,2,8424,-1.8296235869945228
8.0,2016,3,7545,-10.434472934472934
8.0,2017,0,7445,-1.325381047051027
8.0,2017,1,7450,0.0671591672263264
8.0,2017,2,7342,-1.4496644295302012
8.0,2017,3,6502,-11.441024244075184
8.0,2018,0,6729,3.491233466625654
8.0,2018,1,6749,0.2972209838014564
8.0,2018,2,6354,-5.852718921321677
8.0,2018,3,5280,-16.902738432483474
8.0,2019,0,5546,5.037878787878788
8.0,2019,1,5551,0.09015506671474938
8.0,2019,2,5428,-2.2158169699153305
8.0,2019,3,4494,-17.20707442888725
8.0,2020,0,4451,-0.9568313306631064
8.0,2020,1,3072,-30.981801842282636
8.0,2020,2,3012,-1.953125
8.0,2020,3,3867,28.386454183266935
8.0,2021,0,3923,1.4481510214636668
8.0,2021,1,3534,-9.915880703543205
8.0,2021,2,3945,11.62988115449915
8.0,2021,3,3816,-3.269961977186312
8.0,2022,0,4426,15.985324947589099
8.0,2022,1,5122,15.725259828287394
8.0,2022,2,4717,-7.907067551737603
8.0,2022,3,4841,2.6287894848420605
8.0,2023,0,5725,18.26068994009502
8.0,2023,1,6067,5.973799126637554
9.0,2006,0,6442,
9.0,2006,1,6570,1.9869605712511642
9.0,2006,2,6620,0.76103500761035
9.0,2006,3,6139,-7.265861027190332
9.0,2007,0,7327,19.351685942335887
9.0,2007,1,7201,-1.7196669851235156
9.0,2007,2,7305,1.444243855020136
9.0,2007,3,6500,-11.019849418206707
9.0,2008,0,7356,13.169230769230769
9.0,2008,1,6608,-10.168569874932027
9.0,2008,2,6429,-2.7088377723970947
9.0,2008,3,6013,-6.47067973246228
9.0,2009,0,7375,22.650923000166305
9.0,2009,1,7086,-3.91864406779661
9.0,2009,2,7091,0.07056167090036691
9.0,2009,3,6550,-7.6293893668029895
9.0,2010,0,7297,11.404580152671755
9.0,2010,1,7877,7.948471974784158
9.0,2010,2,7078,-10.14345563031611
9.0,2010,3,6754,-4.577564283695959
9.0,2011,0,7066,4.619484749777909
9.0,2011,1,7312,3.4814605151429383
9.0,2011,2,7098,-2.9266958424507656
9.0,2011,3,6491,-8.55170470555086
9.0,2012,0,7586,16.869511631489758
9.0,2012,1,6972,-8.093857105193777
9.0,2012,2,7015,0.6167527251864601
9.0,2012,3,5476,-21.938702779757662
9.0,2013,0,6472,18.18845872899927
9.0,2013,1,6881,6.319530284301607
9.0,2013,2,6780,-1.4678099113500944
9.0,2013,3,6503,-4.0855457227138645
9.0,2014,0,6859,5.4743964324158085
9.0,2014,1,7210,5.117364047237206
9.0,2014,2,7450,3.3287101248266295
9.0,2014,3,5776,-22.469798657718123
9.0,2015,0,5737,-0.6752077562326869
9.0,2015,1,6407,11.678577653826041
9.0,2015,2,6277,-2.0290307476197906
9.0,2015,3,5455,-13.095427752110881
9.0,2016,0,5781,5.976168652612282
9.0,2016,1,5474,-5.310499913509773
9.0,2016,2,5133,-6.229448301059555
9.0,2016,3,5246,2.2014416520553284
9.0,2017,0,5357,2.115897826915745
9.0,2017,1,4993,-6.79484786260967
9.0,2017,2,4668,-6.509112757861005
9.0,2017,3,5036,7.883461868037704
9.0,2018,0,5222,3.6934074662430505
9.0,2018,1,4449,-14.802757564151667
9.0,2018,2,4244,-4.6077770285457404
9.0,2018,3,4013,-5.442978322337417
9.0,2019,0,4115,2.541739347121854
9.0,2019,1,3968,-3.572296476306197
9.0,2019,2,3745,-5.619959677419355
9.0,2019,3,3220,-14.018691588785046
9.0,2020,0,3111,-3.3850931677018634
9.0,2020,1,2066,-33.59048537447766
9.0,2020,2,2106,1.9361084220716358
9.0,2020,3,2664,26.495726495726498
9.0,2021,0,2782,4.42942942942943
9.0,2021,1,2588,-6.9734004313443565
9.0,2021,2,2818,8.887171561051005
9.0,2021,3,2755,-2.2356281050390345
9.0,2022,0,3081,11.833030852994556
9.0,2022,1,3234,4.965920155793573
9.0,2022,2,3035,-6.153370439084725
9.0,2022,3,3200,5.436573311367381
9.0,2023,0,3686,15.187500000000002
9.0,2023,1,3760,2.0075963103635375
10.0,2006,0,8898,
10.0,2006,1,8940,0.4720161834120027
10.0,2006,2,9002,0.6935123042505592
10.0,2006,3,8315,-7.631637413908019
10.0,2007,0,9323,12.122669873722188
10.0,2007,1,9328,0.05363080553469913
10.0,2007,2,9232,-1.0291595197255576
10.0,2007,3,8709,-5.665077989601387
10.0,2008,0,9313,6.935354231255024
10.0,2008,1,9338,0.26844196284763233
10.0,2008,2,8999,-3.630327693296209
10.0,2008,3,8812,-2.0780086676297365
10.0,2009,0,9859,11.881525192918748
10.0,2009,1,9864,0.05071508266558474
10.0,2009,2,9287,-5.84955393349554
10.0,2009,3,8932,-3.8225476472488427
10.0,2010,0,9731,8.945364979847739
10.0,2010,1,10181,4.6243962593772485
10.0,2010,2,9566,-6.0406639819271195
10.0,2010,3,9331,-2.4566171858666106
10.0,2011,0,9422,0.9752438109527383
10.0,2011,1,10442,10.825727021863724
10.0,2011,2,9205,-11.846389580540126
10.0,2011,3,9997,8.604019554589897
10.0,2012,0,10041,0.4401320396118836
10.0,2012,1,10124,0.8266108953291504
10.0,2012,2,10205,0.8000790201501382
10.0,2012,3,7814,-23.4296913277805
10.0,2013,0,9026,15.510621960583567
10.0,2013,1,9720,7.688898736982051
10.0,2013,2,9374,-3.5596707818930042
10.0,2013,3,8632,-7.915510987838703
10.0,2014,0,9110,5.537534754402224
10.0,2014,1,9699,6.465422612513722
10.0,2014,2,9220,-4.938653469429838
10.0,2014,3,7954,-13.731019522776572
10.0,2015,0,7982,0.35202413879808897
10.0,2015,1,8462,6.01353044349787
10.0,2015,2,8824,4.277948475537698
10.0,2015,3,8052,-8.748866727107888
10.0,2016,0,8300,3.0799801291604574
10.0,2016,1,8251,-0.5903614457831325
10.0,2016,2,7715,-6.496182280935645
10.0,2016,3,8015,3.888528839922229
10.0,2017,0,8107,1.1478477854023705
10.0,2017,1,7988,-1.4678672751942765
10.0,2017,2,7491,-6.221832749123686
10.0,2017,3,7305,-2.482979575490589
10.0,2018,0,7663,4.900752908966461
10.0,2018,1,6778,-11.549001696463526
10.0,2018,2,5936,-12.422543523163174
10.0,2018,3,5803,-2.240566037735849
10.0,2019,0,5995,3.3086334654489056
10.0,2019,1,5916,-1.317764804003336
10.0,2019,2,5798,-1.9945909398242054
10.0,2019,3,5011,-13.573646084856847
10.0,2020,0,4802,-4.170824186789064
10.0,2020,1,3087,-35.714285714285715
10.0,2020,2,2566,-16.877227081308714
10.0,2020,3,3410,32.891660171473106
10.0,2021,0,3588,5.219941348973607
10.0,2021,1,3522,-1.839464882943144
10.0,2021,2,3989,13.259511641113003
10.0,2021,3,4130,3.53472048132364
10.0,2022,0,4209,1.9128329297820823
10.0,2022,1,4872,15.751960085531005
10.0,2022,2,4781,-1.8678160919540232
10.0,2022,3,4726,-1.150386948337168
10.0,2023,0,5341,13.0131189166314
10.0,2023,1,5473,2.4714472945141357
11.0,2006,0,3825,
11.0,2006,1,4142,8.287581699346406
11.0,2006,2,4112,-0.724287783679382
11.0,2006,3,3850,-6.371595330739299
11.0,2007,0,4144,7.636363636363637
11.0,2007,1,4041,-2.4855212355212353
11.0,2007,2,4109,1.682751794110369
11.0,2007,3,4058,-1.241177902165977
11.0,2008,0,4533,11.705273533760472
11.0,2008,1,4969,9.618354290756672
11.0,2008,2,4827,-2.85771785067418
11.0,2008,3,4633,-4.0190594572198055
11.0,2009,0,4839,4.446363047701273
11.0,2009,1,4687,-3.141144864641455
11.0,2009,2,4152,-11.41455088542778
11.0,2009,3,4298,3.5163776493256265
11.0,2010,0,4471,4.025127966496045
11.0,2010,1,4838,8.20845448445538
11.0,2010,2,4406,-8.929309632079372
11.0,2010,3,4338,-1.5433499773036767
11.0,2011,0,4569,5.325034578146611
11.0,2011,1,4852,6.193915517618735
11.0,2011,2,4082,-15.869744435284419
11.0,2011,3,4097,0.3674669279764821
11.0,2012,0,4696,14.620453990724922
11.0,2012,1,4209,-10.37052810902896
11.0,2012,2,4189,-0.4751722499406035
11.0,2012,3,3392,-19.026020529959418
11.0,2013,0,3894,14.799528301886792
11.0,2013,1,4049,3.980482794042116
11.0,2013,2,4221,4.247962459866634
11.0,2013,3,4043,-4.217010187159441
11.0,2014,0,4557,12.713331684392779
11.0,2014,1,4863,6.7149440421329825
11.0,2014,2,4081,-16.080608677770925
11.0,2014,3,3725,-8.723352119578534
11.0,2015,0,3629,-2.577181208053691
11.0,2015,1,3777,4.078258473408653
11.0,2015,2,3802,0.6619009796134498
11.0,2015,3,3570,-6.102051551814834
11.0,2016,0,3990,11.76470588235294
11.0,2016,1,4170,4.511278195488721
11.0,2016,2,4169,-0.023980815347721823
11.0,2016,3,3947,-5.325017989925642
11.0,2017,0,3775,-4.357740055738535
11.0,2017,1,3993,5.774834437086093
11.0,2017,2,3903,-2.2539444027047333
11.0,2017,3,3480,-10.837817063797079
11.0,2018,0,3388,-2.6436781609195403
11.0,2018,1,3428,1.1806375442739079
11.0,2018,2,3370,-1.691948658109685
11.0,2018,3,3119,-7.448071216617211
11.0,2019,0,3348,7.342096825905739
11.0,2019,1,3050,-8.900836320191159
11.0,2019,2,2934,-3.8032786885245904
11.0,2019,3,2516,-14.246762099522837
11.0,2020,0,2469,-1.8680445151033387
11.0,2020,1,1649,-33.211826650465774
11.0,2020,2,1669,1.2128562765312312
11.0,2020,3,2209,32.354703415218694
11.0,2021,0,2481,12.313263920325939
11.0,2021,1,2094,-15.598548972188633
11.0,2021,2,2352,12.320916905444127
11.0,2021,3,2401,2.083333333333333
11.0,2022,0,2537,5.664306538942107
11.0,2022,1,2854,12.495072920772566
11.0,2022,2,2629,-7.883672039243167
11.0,2022,3,2714,3.2331685051350325
11.0,2023,0,3076,13.338246131171703
11.0,2023,1,3363,9.330299089726918
12.0,2006,0,8505,
12.0,2006,1,9193,8.08935920047031
12.0,2006,2,9333,1.5228978570651581
12.0,2006,3,9185,-1.585770920390014
12.0,2007,0,10078,9.722373434948285
12.0,2007,1,9787,-2.8874776741416945
12.0,2007,2,9470,-3.2389904975988557
12.0,2007,3,8844,-6.610348468848996
12.0,2008,0,9391,6.184984170058797
12.0,2008,1,9003,-4.131615376424236
12.0,2008,2,9342,3.76541152949017
12.0,2008,3,9297,-0.48169556840077066
12.0,2009,0,10406,11.928579111541357
12.0,2009,1,9766,-6.150297905054776
12.0,2009,2,9239,-5.396272783125128
12.0,2009,3,9399,1.7317891546704187
12.0,2010,0,9971,6.085753803596127
12.0,2010,1,9807,-1.6447698325142912
12.0,2010,2,9938,1.3357805649026206
12.0,2010,3,9272,-6.701549607566914
12.0,2011,0,9711,4.734685073339085
12.0,2011,1,10147,4.489753887344248
12.0,2011,2,8743,-13.83660195131566
12.0,2011,3,9386,7.35445499256548
12.0,2012,0,9533,1.5661623694864693
12.0,2012,1,9286,-2.590999685303682
12.0,2012,2,9556,2.9076028429894465
12.0,2012,3,8647,-9.512348262871495
12.0,2013,0,9873,14.178327743726149
12.0,2013,1,9919,0.46591714777676496
12.0,2013,2,9264,-6.603488254864402
12.0,2013,3,9646,4.123488773747841
12.0,2014,0,10145,5.1731287580344185
12.0,2014,1,10527,3.7654016757023165
12.0,2014,2,9963,-5.3576517526360785
12.0,2014,3,8425,-15.437117334136305
12.0,2015,0,8523,1.1632047477744807
12.0,2015,1,8895,4.3646603308694125
12.0,2015,2,9359,5.216413715570545
12.0,2015,3,8644,-7.639705096698365
12.0,2016,0,8881,2.7417862100879224
12.0,2016,1,7906,-10.978493412903951
12.0,2016,2,7145,-9.625600809511763
12.0,2016,3,7154,0.12596221133659902
12.0,2017,0,7149,-0.06989097008666481
12.0,2017,1,7386,3.31514897188418
12.0,2017,2,7171,-2.9109125372326026
12.0,2017,3,7212,0.5717473155766281
12.0,2018,0,6854,-4.963948973932335
12.0,2018,1,6021,-12.15348701488182
12.0,2018,2,5665,-5.912639096495599
12.0,2018,3,5359,-5.401588702559576
12.0,2019,0,5304,-1.0263108788953164
12.0,2019,1,5235,-1.3009049773755657
12.0,2019,2,4946,-5.5205348615090735
12.0,2019,3,4495,-9.118479579458148
12.0,2020,0,4032,-10.300333704115685
12.0,2020,1,2203,-45.36210317460318
12.0,2020,2,2182,-0.9532455742169769
12.0,2020,3,3113,42.66727772685609
12.0,2021,0,3380,8.576935432059107
12.0,2021,1,3265,-3.4023668639053253
12.0,2021,2,4006,22.695252679938744
12.0,2021,3,4412,10.134797803295058
12.0,2022,0,4303,-2.470534904805077
12.0,2022,1,4780,11.085289333023471
12.0,2022,2,4656,-2.594142259414226
12.0,2022,3,4847,4.102233676975945
12.0,2023,0,4837,-0.20631318341242005
12.0,2023,1,5405,11.742815794914204
13.0,2006,0,15097,
13.0,2006,1,14214,-5.84884414122011
13.0,2006,2,14731,3.637259040382721
13.0,2006,3,14841,0.746724594392777
13.0,2007,0,18358,23.697864025335218
13.0,2007,1,16080,-12.408759124087592
13.0,2007,2,16041,-0.2425373134328358
13.0,2007,3,15355,-4.276541362757933
13.0,2008,0,18228,18.710517746662326
13.0,2008,1,16646,-8.678955453149001
13.0,2008,2,15485,-6.974648564219632
13.0,2008,3,15111,-2.4152405553761707
13.0,2009,0,18173,20.263384289590363
13.0,2009,1,17331,-4.633247124855555
13.0,2009,2,16098,-7.114419248745023
13.0,2009,3,15599,-3.0997639458317803
13.0,2010,0,17054,9.327520994935574
13.0,2010,1,17387,1.9526210859622375
13.0,2010,2,15740,-9.472594467130614
13.0,2010,3,15279,-2.928843710292249
13.0,2011,0,16667,9.084364159958112
13.0,2011,1,16248,-2.51394972100558
13.0,2011,2,15098,-7.077794190054161
13.0,2011,3,14190,-6.014041594913234
13.0,2012,0,16771,18.188865398167724
13.0,2012,1,15448,-7.88861725597758
13.0,2012,2,15322,-0.8156395649922319
13.0,2012,3,12389,-19.142409607100902
13.0,2013,0,15231,22.93970457664057
13.0,2013,1,15119,-0.7353423938021141
13.0,2013,2,14697,-2.7911898935114756
13.0,2013,3,13534,-7.913179560454514
13.0,2014,0,14858,9.78276932170829
13.0,2014,1,15124,1.7902813299232736
13.0,2014,2,13627,-9.898175085956096
13.0,2014,3,11547,-15.263814485947016
13.0,2015,0,11627,0.6928206460552524
13.0,2015,1,11961,2.872624064677045
13.0,2015,2,12058,0.8109689825265446
13.0,2015,3,10396,-13.783380328412672
13.0,2016,0,11184,7.5798383993843785
13.0,2016,1,11206,0.19670958512160228
13.0,2016,2,10445,-6.791004818847046
13.0,2016,3,9867,-5.533748204882719
13.0,2017,0,9853,-0.14188709840883754
13.0,2017,1,9756,-0.9844717344971076
13.0,2017,2,9222,-5.4735547355473555
13.0,2017,3,9011,-2.2880069399262633
13.0,2018,0,9067,0.6214626567528576
13.0,2018,1,7631,-15.837653027462226
13.0,2018,2,7447,-2.4112174026995152
13.0,2018,3,6603,-11.333422854840876
13.0,2019,0,7164,8.496138119036802
13.0,2019,1,7056,-1.507537688442211
13.0,2019,2,6655,-5.683106575963719
13.0,2019,3,5875,-11.720510894064613
13.0,2020,0,5840,-0.5957446808510638
13.0,2020,1,3834,-34.349315068493155
13.0,2020,2,3202,-16.484089723526342
13.0,2020,3,4468,39.537788881948785
13.0,2021,0,5128,14.771709937332139
13.0,2021,1,4451,-13.202028081123245
13.0,2021,2,5168,16.10873960907661
13.0,2021,3,4778,-7.546439628482972
13.0,2022,0,5607,17.35035579740477
13.0,2022,1,5725,2.1045122168717674
13.0,2022,2,5655,-1.222707423580786
13.0,2022,3,5791,2.404951370468612
13.0,2023,0,6465,11.638749784147816
13.0,2023,1,6803,5.228151585460171
14.0,2006,0,8501,
14.0,2006,1,8292,-2.458534290083519
14.0,2006,2,8604,3.762662807525326
14.0,2006,3,7822,-9.088795908879591
14.0,2007,0,9469,21.055995908974687
14.0,2007,1,9699,2.428978772837681
14.0,2007,2,9300,-4.113826167646149
14.0,2007,3,8331,-10.419354838709676
14.0,2008,0,9524,14.320009602688751
14.0,2008,1,9522,-0.020999580008399833
14.0,2008,2,8830,-7.267380802352447
14.0,2008,3,8023,-9.13929784824462
14.0,2009,0,9764,21.700112177489718
14.0,2009,1,9477,-2.9393691110200737
14.0,2009,2,9202,-2.9017621610214204
14.0,2009,3,8630,-6.216039991306238
14.0,2010,0,9328,8.088064889918888
14.0,2010,1,9347,0.2036878216123499
14.0,2010,2,8778,-6.087514710602332
14.0,2010,3,8322,-5.194805194805195
14.0,2011,0,9609,15.465032444124008
14.0,2011,1,9768,1.6546987199500467
14.0,2011,2,8553,-12.438574938574938
14.0,2011,3,8502,-0.5962820063135742
14.0,2012,0,9805,15.325805692778168
14.0,2012,1,8224,-16.12442631310556
14.0,2012,2,8386,1.9698443579766536
14.0,2012,3,7006,-16.45599809205819
14.0,2013,0,7853,12.089637453611191
14.0,2013,1,8136,3.603718324207309
14.0,2013,2,7779,-4.387905604719764
14.0,2013,3,7289,-6.299010155546986
14.0,2014,0,8173,12.127863904513651
14.0,2014,1,8524,4.294628655328521
14.0,2014,2,8237,-3.3669638667292348
14.0,2014,3,6859,-16.729391768847883
14.0,2015,0,6745,-1.662049861495845
14.0,2015,1,7001,3.7954040029651597
14.0,2015,2,7347,4.94215112126839
14.0,2015,3,6535,-11.052130121137878
14.0,2016,0,6618,1.2700841622035195
14.0,2016,1,6923,4.608643094590511
14.0,2016,2,6565,-5.171168568539651
14.0,2016,3,6080,-7.387661843107388
14.0,2017,0,6287,3.4046052631578947
14.0,2017,1,6309,0.34992842373150945
14.0,2017,2,5870,-6.958313520367729
14.0,2017,3,5519,-5.9795570698466785
14.0,2018,0,5511,-0.14495379597753216
14.0,2018,1,5288,-4.0464525494465615
14.0,2018,2,5349,1.153555219364599
14.0,2018,3,4626,-13.51654514862591
14.0,2019,0,4907,6.074362300043234
14.0,2019,1,4591,-6.439779906256368
14.0,2019,2,4564,-0.5881071661947288
14.0,2019,3,3878,-15.030674846625766
14.0,2020,0,3902,0.6188757091284167
14.0,2020,1,2710,-30.54843669912865
14.0,2020,2,2673,-1.3653136531365315
14.0,2020,3,3538,32.360643471754585
14.0,2021,0,3348,-5.370265686828716
14.0,2021,1,2932,-12.425328554360812
14.0,2021,2,3500,19.37244201909959
14.0,2021,3,3442,-1.657142857142857
14.0,2022,0,3929,14.148750726321907
14.0,2022,1,4495,14.405701196233139
14.0,2022,2,4116,-8.431590656284762
14.0,2022,3,4489,9.062196307094267
14.0,2023,0,4895,9.044330585876587
14.0,2023,1,5235,6.945863125638406
15.0,2006,0,12116,
15.0,2006,1,11515,-4.96038296467481
15.0,2006,2,11302,-1.849761181068172
15.0,2006,3,11359,0.5043355158379048
15.0,2007,0,14086,24.007395017167006
15.0,2007,1,12982,-7.837569217662928
15.0,2007,2,13001,0.14635649360653213
15.0,2007,3,12131,-6.691792939004692
15.0,2008,0,14454,19.14928695078724
15.0,2008,1,13410,-7.22291407222914
15.0,2008,2,12335,-8.016405667412378
15.0,2008,3,12329,-0.048642075395216866
15.0,2009,0,14776,19.847513991402383
15.0,2009,1,14270,-3.4244721169464
15.0,2009,2,14465,1.3665031534688157
15.0,2009,3,14130,-2.3159350155547873
15.0,2010,0,15215,7.678697806086341
15.0,2010,1,15972,4.97535326979954
15.0,2010,2,15341,-3.950663661407463
15.0,2010,3,14044,-8.45446841796493
15.0,2011,0,15395,9.619766448305327
15.0,2011,1,14859,-3.4816498863267293
15.0,2011,2,12889,-13.257958139847903
15.0,2011,3,13345,3.5379005353402126
15.0,2012,0,15045,12.738853503184714
15.0,2012,1,13276,-11.758059155865736
15.0,2012,2,12498,-5.86019885507683
15.0,2012,3,11049,-11.593855016802689
15.0,2013,0,12858,16.372522400217214
15.0,2013,1,13144,2.224296158033909
15.0,2013,2,12721,-3.2181984175289107
15.0,2013,3,11983,-5.801430705133244
15.0,2014,0,13002,8.503713594258533
15.0,2014,1,13029,0.2076603599446239
15.0,2014,2,13280,1.9264717169391359
15.0,2014,3,11057,-16.739457831325304
15.0,2015,0,11027,-0.2713213349009677
15.0,2015,1,11158,1.1879931078262447
15.0,2015,2,12597,12.896576447392006
15.0,2015,3,10926,-13.26506311026435
15.0,2016,0,10835,-0.832875709317225
15.0,2016,1,10751,-0.7752653437932626
15.0,2016,2,10373,-3.515952004464701
15.0,2016,3,9782,-5.697483852308879
15.0,2017,0,9876,0.9609486812512777
15.0,2017,1,9100,-7.857432158768732
15.0,2017,2,8922,-1.9560439560439562
15.0,2017,3,8577,-3.86684599865501
15.0,2018,0,8565,-0.13990905911157747
15.0,2018,1,8171,-4.600116754232341
15.0,2018,2,8356,2.2641047607391993
15.0,2018,3,7430,-11.081857348013404
15.0,2019,0,8018,7.913862718707941
15.0,2019,1,7546,-5.886754801696183
15.0,2019,2,7499,-0.6228465412138882
15.0,2019,3,6326,-15.642085611414855
15.0,2020,0,5824,-7.935504268099905
15.0,2020,1,4217,-27.59271978021978
15.0,2020,2,3967,-5.9283851078966086
15.0,2020,3,4945,24.65339047138896
15.0,2021,0,5122,3.5793731041456014
15.0,2021,1,4161,-18.762202264740335
15.0,2021,2,5378,29.247776976688293
15.0,2021,3,5073,-5.671253253997769
15.0,2022,0,5691,12.18214074512123
15.0,2022,1,6287,10.472676155332982
15.0,2022,2,6379,1.4633370446954033
15.0,2022,3,6811,6.772221351308982
15.0,2023,0,7267,6.695052121568051
15.0,2023,1,7763,6.825374982798954
16.0,2006,0,891,
16.0,2006,1,723,-18.855218855218855
16.0,2006,2,834,15.352697095435685
16.0,2006,3,730,-12.470023980815348
16.0,2007,0,999,36.84931506849315
16.0,2007,1,991,-0.8008008008008007
16.0,2007,2,1146,15.640766902119072
16.0,2007,3,908,-20.76788830715532
16.0,2008,0,1100,21.145374449339208
16.0,2008,1,1028,-6.545454545454546
16.0,2008,2,1211,17.801556420233464
16.0,2008,3,1059,-12.551610239471511
16.0,2009,0,1081,2.0774315391879132
16.0,2009,1,958,-11.378353376503238
16.0,2009,2,1014,5.845511482254697
16.0,2009,3,921,-9.171597633136095
16.0,2010,0,1028,11.617806731813246
16.0,2010,1,1006,-2.140077821011673
16.0,2010,2,978,-2.783300198807157
16.0,2010,3,833,-14.826175869120656
16.0,2011,0,972,16.686674669867948
16.0,2011,1,892,-8.23045267489712
16.0,2011,2,874,-2.0179372197309418
16.0,2011,3,866,-0.9153318077803204
16.0,2012,0,908,4.849884526558892
16.0,2012,1,943,3.854625550660793
16.0,2012,2,948,0.5302226935312832
16.0,2012,3,1008,6.329113924050633
16.0,2013,0,953,-5.4563492063492065
16.0,2013,1,920,-3.4627492130115427
16.0,2013,2,1008,9.565217391304348
16.0,2013,3,950,-5.753968253968254
16.0,2014,0,780,-17.894736842105264
16.0,2014,1,1126,44.35897435897436
16.0,2014,2,1093,-2.930728241563055
16.0,2014,3,877,-19.76212259835316
16.0,2015,0,818,-6.727480045610035
16.0,2015,1,1059,29.462102689486553
16.0,2015,2,1022,-3.493862134088763
16.0,2015,3,723,-29.256360078277886
16.0,2016,0,885,22.40663900414938
16.0,2016,1,813,-8.135593220338983
16.0,2016,2,812,-0.12300123001230012
16.0,2016,3,818,0.7389162561576355
16.0,2017,0,800,-2.2004889975550124
16.0,2017,1,830,3.75
16.0,2017,2,830,0.0
16.0,2017,3,809,-2.5301204819277108
16.0,2018,0,866,7.045735475896168
16.0,2018,1,771,-10.969976905311778
16.0,2018,2,748,-2.9831387808041505
16.0,2018,3,675,-9.759358288770054
16.0,2019,0,730,8.148148148148149
16.0,2019,1,654,-10.41095890410959
16.0,2019,2,701,7.186544342507645
16.0,2019,3,520,-25.82025677603424
16.0,2020,0,523,0.576923076923077
16.0,2020,1,376,-28.107074569789674
16.0,2020,2,462,22.872340425531913
16.0,2020,3,661,43.073593073593074
16.0,2021,0,578,-12.556732223903177
16.0,2021,1,498,-13.84083044982699
16.0,2021,2,631,26.706827309236946
16.0,2021,3,534,-15.372424722662439
16.0,2022,0,628,17.60299625468165
16.0,2022,1,623,-0.7961783439490446
16.0,2022,2,557,-10.593900481540931
16.0,2022,3,581,4.308797127468582
16.0,2023,0,568,-2.2375215146299485
16.0,2023,1,707,24.471830985915492
