Neighborhood,ARREST_YEAR,#_ARRESTS,ARREST_CHANGE
Bayside - Little Neck,2006,1638,
Bayside - Little Neck,2007,1578,-3.6630036630036633
Bayside - Little Neck,2008,1693,7.2877059569074785
Bayside - Little Neck,2009,1529,-9.686946249261666
Bayside - Little Neck,2010,1538,0.5886200130804448
Bayside - Little Neck,2011,1345,-12.548764629388817
Bayside - Little Neck,2012,1441,7.137546468401487
Bayside - Little Neck,2013,1478,2.5676613462873004
Bayside - Little Neck,2014,1237,-16.305818673883625
Bayside - Little Neck,2015,1333,7.760711398544867
Bayside - Little Neck,2016,1425,6.90172543135784
Bayside - Little Neck,2017,1236,-13.263157894736842
Bayside - Little Neck,2018,975,-21.11650485436893
Bayside - Little Neck,2019,844,-13.435897435897438
Bayside - Little Neck,2020,558,-33.88625592417062
Bayside - Little Neck,2021,612,9.67741935483871
Bayside - Little Neck,2022,523,-14.54248366013072
Bayside - Little Neck,2023,375,-28.298279158699806
Bedford Stuyvesant - Crown Heights,2006,23194,
Bedford Stuyvesant - Crown Heights,2007,26257,13.20600155212555
Bedford Stuyvesant - Crown Heights,2008,25117,-4.341699356362113
Bedford Stuyvesant - Crown Heights,2009,28323,12.764263247999363
Bedford Stuyvesant - Crown Heights,2010,29002,2.3973449140274687
Bedford Stuyvesant - Crown Heights,2011,30150,3.95834770015861
Bedford Stuyvesant - Crown Heights,2012,27982,-7.190713101160863
Bedford Stuyvesant - Crown Heights,2013,26089,-6.76506325494961
Bedford Stuyvesant - Crown Heights,2014,24704,-5.308750814519529
Bedford Stuyvesant - Crown Heights,2015,20239,-18.073996113989637
Bedford Stuyvesant - Crown Heights,2016,18416,-9.007362023815405
Bedford Stuyvesant - Crown Heights,2017,15762,-14.411381407471763
Bedford Stuyvesant - Crown Heights,2018,13974,-11.343738104301485
Bedford Stuyvesant - Crown Heights,2019,11266,-19.378846429082582
Bedford Stuyvesant - Crown Heights,2020,8136,-27.782709036037634
Bedford Stuyvesant - Crown Heights,2021,7572,-6.932153392330384
Bedford Stuyvesant - Crown Heights,2022,8341,10.155837295298468
Bedford Stuyvesant - Crown Heights,2023,5591,-32.96966790552692
Bensonhurst - Bay Ridge,2006,3141,
Bensonhurst - Bay Ridge,2007,3524,12.193568927093281
Bensonhurst - Bay Ridge,2008,3518,-0.170261066969353
Bensonhurst - Bay Ridge,2009,3702,5.230244457077885
Bensonhurst - Bay Ridge,2010,3809,2.890329551593733
Bensonhurst - Bay Ridge,2011,3340,-12.31294302966658
Bensonhurst - Bay Ridge,2012,3196,-4.311377245508982
Bensonhurst - Bay Ridge,2013,3288,2.8785982478097623
Bensonhurst - Bay Ridge,2014,3677,11.830900243309001
Bensonhurst - Bay Ridge,2015,3243,-11.803100353549087
Bensonhurst - Bay Ridge,2016,3587,10.607462226333642
Bensonhurst - Bay Ridge,2017,3334,-7.053247839420128
Bensonhurst - Bay Ridge,2018,2594,-22.195560887822435
Bensonhurst - Bay Ridge,2019,2523,-2.7370855821125675
Bensonhurst - Bay Ridge,2020,1717,-31.946095917558466
Bensonhurst - Bay Ridge,2021,1817,5.824111822947001
Bensonhurst - Bay Ridge,2022,2287,25.866813428728676
Bensonhurst - Bay Ridge,2023,1391,-39.17796239615217
Borough Park,2006,4303,
Borough Park,2007,4606,7.041598884499186
Borough Park,2008,4222,-8.336951801997394
Borough Park,2009,4030,-4.547607768829939
Borough Park,2010,4174,3.5732009925558312
Borough Park,2011,3886,-6.899856252994729
Borough Park,2012,3925,1.0036026762738035
Borough Park,2013,3894,-0.7898089171974522
Borough Park,2014,4088,4.982023626091422
Borough Park,2015,4203,2.8131115459882583
Borough Park,2016,3773,-10.230787532714727
Borough Park,2017,3571,-5.353829843625761
Borough Park,2018,3031,-15.121814617754131
Borough Park,2019,2878,-5.0478389970306825
Borough Park,2020,1632,-43.29395413481584
Borough Park,2021,2391,46.50735294117647
Borough Park,2022,3037,27.017984107068173
Borough Park,2023,1519,-49.98353638459005
Canarsie - Flatlands,2006,4920,
Canarsie - Flatlands,2007,5333,8.394308943089431
Canarsie - Flatlands,2008,5152,-3.3939621226326646
Canarsie - Flatlands,2009,5233,1.5722049689440993
Canarsie - Flatlands,2010,5286,1.012803363271546
Canarsie - Flatlands,2011,5677,7.396897465001892
Canarsie - Flatlands,2012,5592,-1.4972696846926192
Canarsie - Flatlands,2013,5552,-0.7153075822603719
Canarsie - Flatlands,2014,6049,8.951729106628243
Canarsie - Flatlands,2015,5100,-15.688543560919161
Canarsie - Flatlands,2016,5057,-0.8431372549019607
Canarsie - Flatlands,2017,4634,-8.36464306901325
Canarsie - Flatlands,2018,3824,-17.479499352611136
Canarsie - Flatlands,2019,3229,-15.559623430962343
Canarsie - Flatlands,2020,1662,-48.5289563332301
Canarsie - Flatlands,2021,2579,55.17448856799037
Canarsie - Flatlands,2022,3463,34.27685149282668
Canarsie - Flatlands,2023,1897,-45.220906728270286
Central Harlem - Morningside Heights,2006,15222,
Central Harlem - Morningside Heights,2007,16120,5.899356194980949
Central Harlem - Morningside Heights,2008,17354,7.655086848635236
Central Harlem - Morningside Heights,2009,18430,6.200299642733664
Central Harlem - Morningside Heights,2010,17111,-7.156809549647313
Central Harlem - Morningside Heights,2011,16914,-1.1513061773128397
Central Harlem - Morningside Heights,2012,16355,-3.304954475582358
Central Harlem - Morningside Heights,2013,16215,-0.8560073372057475
Central Harlem - Morningside Heights,2014,15050,-7.184705519580635
Central Harlem - Morningside Heights,2015,12835,-14.717607973421925
Central Harlem - Morningside Heights,2016,12490,-2.687962602259447
Central Harlem - Morningside Heights,2017,9691,-22.40992794235388
Central Harlem - Morningside Heights,2018,8090,-16.52048292229904
Central Harlem - Morningside Heights,2019,6909,-14.598269468479605
Central Harlem - Morningside Heights,2020,4119,-40.382110290924885
Central Harlem - Morningside Heights,2021,5390,30.857004127215344
Central Harlem - Morningside Heights,2022,6370,18.181818181818183
Central Harlem - Morningside Heights,2023,2975,-53.2967032967033
Central Park,2006,0,
Central Park,2007,0,0.0
Central Park,2008,0,0.0
Central Park,2009,0,0.0
Central Park,2010,0,0.0
Central Park,2011,0,0.0
Central Park,2012,0,0.0
Central Park,2013,0,0.0
Central Park,2014,0,0.0
Central Park,2015,0,0.0
Central Park,2016,0,0.0
Central Park,2017,0,0.0
Central Park,2018,0,0.0
Central Park,2019,0,0.0
Central Park,2020,0,0.0
Central Park,2021,0,0.0
Central Park,2022,0,0.0
Central Park,2023,0,0.0
Chelsea - Clinton,2006,22554,
Chelsea - Clinton,2007,23473,4.074665247849605
Chelsea - Clinton,2008,23336,-0.5836492991948196
Chelsea - Clinton,2009,23950,2.6311278711004458
Chelsea - Clinton,2010,24378,1.7870563674321505
Chelsea - Clinton,2011,23171,-4.951185495118549
Chelsea - Clinton,2012,22378,-3.4223814250571833
Chelsea - Clinton,2013,24406,9.062472070783805
Chelsea - Clinton,2014,25202,3.2614930754732443
Chelsea - Clinton,2015,22016,-12.641853821125308
Chelsea - Clinton,2016,18849,-14.384992732558139
Chelsea - Clinton,2017,17391,-7.73515836383893
Chelsea - Clinton,2018,13839,-20.42435742625496
Chelsea - Clinton,2019,10836,-21.699544764795146
Chelsea - Clinton,2020,8321,-23.209671465485417
Chelsea - Clinton,2021,8989,8.027881264271121
Chelsea - Clinton,2022,10906,21.326065190788743
Chelsea - Clinton,2023,6244,-42.747111681643126
Coney Island - Sheepshead Bay,2006,8158,
Coney Island - Sheepshead Bay,2007,8317,1.9490071095856827
Coney Island - Sheepshead Bay,2008,8163,-1.8516291932187086
Coney Island - Sheepshead Bay,2009,8535,4.557148107313488
Coney Island - Sheepshead Bay,2010,7946,-6.9009958992384295
Coney Island - Sheepshead Bay,2011,7537,-5.147243896300025
Coney Island - Sheepshead Bay,2012,7425,-1.486002388218124
Coney Island - Sheepshead Bay,2013,7738,4.215488215488215
Coney Island - Sheepshead Bay,2014,7990,3.256655466528819
Coney Island - Sheepshead Bay,2015,8056,0.8260325406758449
Coney Island - Sheepshead Bay,2016,7237,-10.166335650446872
Coney Island - Sheepshead Bay,2017,6815,-5.83114550227995
Coney Island - Sheepshead Bay,2018,5927,-13.030080704328686
Coney Island - Sheepshead Bay,2019,5251,-11.405432765311287
Coney Island - Sheepshead Bay,2020,3792,-27.78518377451914
Coney Island - Sheepshead Bay,2021,3863,1.8723628691983123
Coney Island - Sheepshead Bay,2022,4523,17.085166968677193
Coney Island - Sheepshead Bay,2023,2660,-41.189476011496794
Crotona - Tremont,2006,15959,
Crotona - Tremont,2007,19269,20.740647910270066
Crotona - Tremont,2008,18886,-1.9876485546733096
Crotona - Tremont,2009,18327,-2.959864449857037
Crotona - Tremont,2010,16782,-8.430184972990668
Crotona - Tremont,2011,15474,-7.794065069717554
Crotona - Tremont,2012,15052,-2.7271552281245963
Crotona - Tremont,2013,14419,-4.205421206484188
Crotona - Tremont,2014,14208,-1.4633469727442958
Crotona - Tremont,2015,12087,-14.92820945945946
Crotona - Tremont,2016,11462,-5.170844709191694
Crotona - Tremont,2017,10109,-11.804222648752399
Crotona - Tremont,2018,10019,-0.8902957760411514
Crotona - Tremont,2019,8198,-18.175466613434473
Crotona - Tremont,2020,5576,-31.98341058794828
Crotona - Tremont,2021,5808,4.160688665710186
Crotona - Tremont,2022,6734,15.943526170798897
Crotona - Tremont,2023,4632,-31.214731214731216
Downtown - Heights - Park Slope,2006,12492,
Downtown - Heights - Park Slope,2007,12076,-3.3301312840217743
Downtown - Heights - Park Slope,2008,11772,-2.5173898641934414
Downtown - Heights - Park Slope,2009,12721,8.061501868841319
Downtown - Heights - Park Slope,2010,12643,-0.6131593428189608
Downtown - Heights - Park Slope,2011,12555,-0.6960373329114925
Downtown - Heights - Park Slope,2012,12556,0.007964954201513342
Downtown - Heights - Park Slope,2013,11502,-8.394393118827653
Downtown - Heights - Park Slope,2014,11759,2.234394018431577
Downtown - Heights - Park Slope,2015,11088,-5.706267539756782
Downtown - Heights - Park Slope,2016,11884,7.178932178932179
Downtown - Heights - Park Slope,2017,10999,-7.446987546280713
Downtown - Heights - Park Slope,2018,8763,-20.32912082916629
Downtown - Heights - Park Slope,2019,7485,-14.584046559397468
Downtown - Heights - Park Slope,2020,3651,-51.22244488977956
Downtown - Heights - Park Slope,2021,4914,34.593262119967136
Downtown - Heights - Park Slope,2022,7297,48.494098494098495
Downtown - Heights - Park Slope,2023,4056,-44.41551322461286
East Flatbrush - Flatbrush,2006,12961,
East Flatbrush - Flatbrush,2007,14407,11.156546562765218
East Flatbrush - Flatbrush,2008,13240,-8.10022905532033
East Flatbrush - Flatbrush,2009,14334,8.262839879154079
East Flatbrush - Flatbrush,2010,14596,1.8278219617692202
East Flatbrush - Flatbrush,2011,13508,-7.454097012880241
East Flatbrush - Flatbrush,2012,13066,-3.2721350310926858
East Flatbrush - Flatbrush,2013,13408,2.617480483698148
East Flatbrush - Flatbrush,2014,14264,6.384248210023865
East Flatbrush - Flatbrush,2015,12464,-12.619181155356141
East Flatbrush - Flatbrush,2016,11019,-11.593388960205392
East Flatbrush - Flatbrush,2017,10242,-7.051456575006807
East Flatbrush - Flatbrush,2018,9074,-11.404022651825816
East Flatbrush - Flatbrush,2019,7621,-16.01278377782676
East Flatbrush - Flatbrush,2020,4492,-41.057603988977824
East Flatbrush - Flatbrush,2021,5302,18.032056990204808
East Flatbrush - Flatbrush,2022,5832,9.99622783855149
East Flatbrush - Flatbrush,2023,3614,-38.03155006858711
East Harlem,2006,13145,
East Harlem,2007,13883,5.614302015975657
East Harlem,2008,13779,-0.7491176258733703
East Harlem,2009,14136,2.5908991944263007
East Harlem,2010,15030,6.32427843803056
East Harlem,2011,13533,-9.960079840319361
East Harlem,2012,14051,3.8276804847410038
East Harlem,2013,14211,1.1387089886840795
East Harlem,2014,13205,-7.079023291816198
East Harlem,2015,11680,-11.54865581219235
East Harlem,2016,10426,-10.736301369863014
East Harlem,2017,10043,-3.673508536351429
East Harlem,2018,8408,-16.279996017126358
East Harlem,2019,7024,-16.460513796384397
East Harlem,2020,3822,-45.58656036446469
East Harlem,2021,4639,21.376242804814233
East Harlem,2022,5510,18.775598189264926
East Harlem,2023,2907,-47.241379310344826
East New York,2006,12661,
East New York,2007,14682,15.962404233472869
East New York,2008,15136,3.092221768151478
East New York,2009,16577,9.520348837209303
East New York,2010,17129,3.329914942390059
East New York,2011,17471,1.9966139295930878
East New York,2012,16814,-3.7605174288821477
East New York,2013,15331,-8.820030926608778
East New York,2014,14298,-6.737981866805819
East New York,2015,12324,-13.80612673101133
East New York,2016,10358,-15.952612788055825
East New York,2017,8498,-17.95713458196563
East New York,2018,7035,-17.215815485996703
East New York,2019,5997,-14.754797441364605
East New York,2020,3594,-40.07003501750875
East New York,2021,4299,19.61602671118531
East New York,2022,6176,43.661316585252386
East New York,2023,3770,-38.95725388601036
Flushing - Clearview,2006,5237,
Flushing - Clearview,2007,4817,-8.019858697727706
Flushing - Clearview,2008,4900,1.7230641478098403
Flushing - Clearview,2009,4953,1.0816326530612244
Flushing - Clearview,2010,5001,0.9691096305269533
Flushing - Clearview,2011,5568,11.337732453509298
Flushing - Clearview,2012,5361,-3.7176724137931036
Flushing - Clearview,2013,5394,0.6155567991046447
Flushing - Clearview,2014,5162,-4.301075268817205
Flushing - Clearview,2015,4531,-12.223944207671446
Flushing - Clearview,2016,4425,-2.339439417347164
Flushing - Clearview,2017,4130,-6.666666666666667
Flushing - Clearview,2018,4030,-2.4213075060532687
Flushing - Clearview,2019,3603,-10.595533498759306
Flushing - Clearview,2020,3049,-15.37607549264502
Flushing - Clearview,2021,2628,-13.807805837979664
Flushing - Clearview,2022,3474,32.19178082191781
Flushing - Clearview,2023,2209,-36.413356361542895
Fordham - Bronx Park,2006,14413,
Fordham - Bronx Park,2007,16791,16.498993963782695
Fordham - Bronx Park,2008,16749,-0.2501340003573343
Fordham - Bronx Park,2009,17599,5.074929846558004
Fordham - Bronx Park,2010,18716,6.346951531337009
Fordham - Bronx Park,2011,16569,-11.47146826244924
Fordham - Bronx Park,2012,15319,-7.5442090651216125
Fordham - Bronx Park,2013,14928,-2.5523859259742805
Fordham - Bronx Park,2014,14128,-5.359056806002144
Fordham - Bronx Park,2015,11052,-21.77236693091733
Fordham - Bronx Park,2016,10525,-4.768367716250452
Fordham - Bronx Park,2017,10964,4.17102137767221
Fordham - Bronx Park,2018,9346,-14.757387814666181
Fordham - Bronx Park,2019,7832,-16.19944361224053
Fordham - Bronx Park,2020,4296,-45.14811031664964
Fordham - Bronx Park,2021,5101,18.738361266294227
Fordham - Bronx Park,2022,7066,38.52185845912566
Fordham - Bronx Park,2023,3849,-45.52787998867818
Fresh Meadows,2006,2016,
Fresh Meadows,2007,1709,-15.228174603174601
Fresh Meadows,2008,1853,8.42598010532475
Fresh Meadows,2009,1906,2.860226659471128
Fresh Meadows,2010,1803,-5.403987408184681
Fresh Meadows,2011,1669,-7.432057681641709
Fresh Meadows,2012,1898,13.72079089275015
Fresh Meadows,2013,1986,4.636459430979979
Fresh Meadows,2014,1971,-0.7552870090634441
Fresh Meadows,2015,1749,-11.263318112633181
Fresh Meadows,2016,1867,6.746712407089765
Fresh Meadows,2017,1949,4.392072844134976
Fresh Meadows,2018,1593,-18.26577732170344
Fresh Meadows,2019,1531,-3.89202762084118
Fresh Meadows,2020,1236,-19.268451992161985
Fresh Meadows,2021,1204,-2.5889967637540456
Fresh Meadows,2022,1374,14.119601328903656
Fresh Meadows,2023,739,-46.21542940320233
Gramercy Park - Murray Hill,2006,5680,
Gramercy Park - Murray Hill,2007,6037,6.285211267605634
Gramercy Park - Murray Hill,2008,5724,-5.184694384628127
Gramercy Park - Murray Hill,2009,5986,4.577218728162125
Gramercy Park - Murray Hill,2010,5381,-10.106916137654528
Gramercy Park - Murray Hill,2011,5879,9.254785355881806
Gramercy Park - Murray Hill,2012,6304,7.229120598741283
Gramercy Park - Murray Hill,2013,6865,8.899111675126905
Gramercy Park - Murray Hill,2014,6698,-2.4326292789512016
Gramercy Park - Murray Hill,2015,6813,1.7169304269931325
Gramercy Park - Murray Hill,2016,5520,-18.97842360193747
Gramercy Park - Murray Hill,2017,5317,-3.6775362318840576
Gramercy Park - Murray Hill,2018,4242,-20.21816813992853
Gramercy Park - Murray Hill,2019,3884,-8.43941537010844
Gramercy Park - Murray Hill,2020,2803,-27.832131822863026
Gramercy Park - Murray Hill,2021,2655,-5.280057081698181
Gramercy Park - Murray Hill,2022,2873,8.210922787193974
Gramercy Park - Murray Hill,2023,1596,-44.44831186912635
Greenpoint,2006,3619,
Greenpoint,2007,3458,-4.448742746615087
Greenpoint,2008,3746,8.328513591671486
Greenpoint,2009,3617,-3.443673251468233
Greenpoint,2010,3892,7.6029858999170585
Greenpoint,2011,3914,0.5652620760534429
Greenpoint,2012,3919,0.12774655084312722
Greenpoint,2013,4346,10.89563664200051
Greenpoint,2014,3719,-14.427059364933273
Greenpoint,2015,3541,-4.78623285829524
Greenpoint,2016,3430,-3.1347077096865297
Greenpoint,2017,3409,-0.6122448979591837
Greenpoint,2018,2904,-14.813728366089762
Greenpoint,2019,2514,-13.429752066115702
Greenpoint,2020,1550,-38.34526650755768
Greenpoint,2021,1983,27.935483870967744
Greenpoint,2022,2437,22.894604135148764
Greenpoint,2023,1434,-41.157160443167825
Greenwich Village - SoHo,2006,8382,
Greenwich Village - SoHo,2007,9403,12.180863755666905
Greenwich Village - SoHo,2008,10092,7.327448686589387
Greenwich Village - SoHo,2009,10518,4.2211652794292505
Greenwich Village - SoHo,2010,10129,-3.6984217531850163
Greenwich Village - SoHo,2011,9733,-3.9095665909764046
Greenwich Village - SoHo,2012,9531,-2.0754135415596426
Greenwich Village - SoHo,2013,9754,2.339733501206589
Greenwich Village - SoHo,2014,9675,-0.8099241336887432
Greenwich Village - SoHo,2015,8403,-13.147286821705425
Greenwich Village - SoHo,2016,7448,-11.364988694513864
Greenwich Village - SoHo,2017,7249,-2.6718582169709992
Greenwich Village - SoHo,2018,6183,-14.705476617464477
Greenwich Village - SoHo,2019,5476,-11.434578683486981
Greenwich Village - SoHo,2020,3600,-34.258582907231556
Greenwich Village - SoHo,2021,4276,18.777777777777775
Greenwich Village - SoHo,2022,4730,10.617399438727784
Greenwich Village - SoHo,2023,2751,-41.83932346723044
High Bridge - Morrisania,2006,16622,
High Bridge - Morrisania,2007,18061,8.657201299482614
High Bridge - Morrisania,2008,18847,4.351918498422014
High Bridge - Morrisania,2009,20741,10.049344723298137
High Bridge - Morrisania,2010,21799,5.101007665975604
High Bridge - Morrisania,2011,20680,-5.1332629937153085
High Bridge - Morrisania,2012,18394,-11.054158607350097
High Bridge - Morrisania,2013,18198,-1.065564858105904
High Bridge - Morrisania,2014,17213,-5.412682712385976
High Bridge - Morrisania,2015,16199,-5.890896415499912
High Bridge - Morrisania,2016,14227,-12.173590962405086
High Bridge - Morrisania,2017,12079,-15.098052997821043
High Bridge - Morrisania,2018,11517,-4.652703038330987
High Bridge - Morrisania,2019,10238,-11.105322566640618
High Bridge - Morrisania,2020,5287,-48.359054502832585
High Bridge - Morrisania,2021,6897,30.452052203518065
High Bridge - Morrisania,2022,8763,27.055241409308394
High Bridge - Morrisania,2023,5568,-36.46011639849366
Hunts Point - Mott Haven,2006,15322,
Hunts Point - Mott Haven,2007,16912,10.377235347865813
Hunts Point - Mott Haven,2008,17273,2.134578997161779
Hunts Point - Mott Haven,2009,17701,2.4778556128061133
Hunts Point - Mott Haven,2010,17060,-3.6212643353482856
Hunts Point - Mott Haven,2011,17502,2.5908558030480657
Hunts Point - Mott Haven,2012,16750,-4.296651811221574
Hunts Point - Mott Haven,2013,16792,0.2507462686567164
Hunts Point - Mott Haven,2014,18101,7.795378751786565
Hunts Point - Mott Haven,2015,16741,-7.513397049886747
Hunts Point - Mott Haven,2016,14615,-12.699360850606295
Hunts Point - Mott Haven,2017,11820,-19.124187478617856
Hunts Point - Mott Haven,2018,10040,-15.059221658206429
Hunts Point - Mott Haven,2019,9082,-9.54183266932271
Hunts Point - Mott Haven,2020,7339,-19.191807971812377
Hunts Point - Mott Haven,2021,5876,-19.934595994004635
Hunts Point - Mott Haven,2022,6899,17.409802586793738
Hunts Point - Mott Haven,2023,4932,-28.51137846064647
JFK Airport,2006,0,
JFK Airport,2007,0,0.0
JFK Airport,2008,0,0.0
JFK Airport,2009,0,0.0
JFK Airport,2010,0,0.0
JFK Airport,2011,0,0.0
JFK Airport,2012,0,0.0
JFK Airport,2013,0,0.0
JFK Airport,2014,0,0.0
JFK Airport,2015,0,0.0
JFK Airport,2016,0,0.0
JFK Airport,2017,0,0.0
JFK Airport,2018,0,0.0
JFK Airport,2019,0,0.0
JFK Airport,2020,0,0.0
JFK Airport,2021,0,0.0
JFK Airport,2022,0,0.0
JFK Airport,2023,0,0.0
Jamaica,2006,14113,
Jamaica,2007,15135,7.241550343654786
Jamaica,2008,15357,1.466798810703667
Jamaica,2009,16862,9.800091163638731
Jamaica,2010,15897,-5.7229272921361645
Jamaica,2011,15648,-1.5663332704283828
Jamaica,2012,17050,8.959611451942742
Jamaica,2013,19165,12.404692082111438
Jamaica,2014,19799,3.3081137490216537
Jamaica,2015,16816,-15.066417495833123
Jamaica,2016,13889,-17.406041864890582
Jamaica,2017,12033,-13.363093095255238
Jamaica,2018,10908,-9.349289454001495
Jamaica,2019,10599,-2.832783278327833
Jamaica,2020,6943,-34.49382017171431
Jamaica,2021,6981,0.547313841278986
Jamaica,2022,8697,24.581005586592177
Jamaica,2023,5816,-33.12636541336093
Kingsbridge - Riverdale,2006,2024,
Kingsbridge - Riverdale,2007,2809,38.78458498023715
Kingsbridge - Riverdale,2008,3017,7.404770380918476
Kingsbridge - Riverdale,2009,4780,58.43553198541598
Kingsbridge - Riverdale,2010,7535,57.63598326359832
Kingsbridge - Riverdale,2011,6921,-8.148639681486397
Kingsbridge - Riverdale,2012,4220,-39.026152290131485
Kingsbridge - Riverdale,2013,2665,-36.84834123222749
Kingsbridge - Riverdale,2014,2883,8.180112570356473
Kingsbridge - Riverdale,2015,2610,-9.469302809573362
Kingsbridge - Riverdale,2016,2408,-7.7394636015325675
Kingsbridge - Riverdale,2017,1826,-24.169435215946844
Kingsbridge - Riverdale,2018,1705,-6.626506024096386
Kingsbridge - Riverdale,2019,1798,5.454545454545454
Kingsbridge - Riverdale,2020,1139,-36.65183537263626
Kingsbridge - Riverdale,2021,1448,27.12906057945566
Kingsbridge - Riverdale,2022,2099,44.9585635359116
Kingsbridge - Riverdale,2023,1072,-48.928060981419726
Laguardia Airport,2006,0,
Laguardia Airport,2007,0,0.0
Laguardia Airport,2008,0,0.0
Laguardia Airport,2009,0,0.0
Laguardia Airport,2010,0,0.0
Laguardia Airport,2011,0,0.0
Laguardia Airport,2012,0,0.0
Laguardia Airport,2013,0,0.0
Laguardia Airport,2014,0,0.0
Laguardia Airport,2015,0,0.0
Laguardia Airport,2016,0,0.0
Laguardia Airport,2017,0,0.0
Laguardia Airport,2018,0,0.0
Laguardia Airport,2019,0,0.0
Laguardia Airport,2020,0,0.0
Laguardia Airport,2021,0,0.0
Laguardia Airport,2022,0,0.0
Laguardia Airport,2023,0,0.0
Long Island City - Astoria,2006,8021,
Long Island City - Astoria,2007,8783,9.500062336367037
Long Island City - Astoria,2008,7606,-13.400888079243995
Long Island City - Astoria,2009,7349,-3.3789113857480935
Long Island City - Astoria,2010,6952,-5.402095523200436
Long Island City - Astoria,2011,6775,-2.546029919447641
Long Island City - Astoria,2012,6237,-7.940959409594097
Long Island City - Astoria,2013,7166,14.89498156164823
Long Island City - Astoria,2014,7043,-1.7164387384873012
Long Island City - Astoria,2015,6334,-10.066732926309811
Long Island City - Astoria,2016,6672,5.336280391537733
Long Island City - Astoria,2017,6362,-4.646282973621103
Long Island City - Astoria,2018,5305,-16.61427224143351
Long Island City - Astoria,2019,4611,-13.081998114985863
Long Island City - Astoria,2020,2677,-41.943179353719366
Long Island City - Astoria,2021,3974,48.449757190885315
Long Island City - Astoria,2022,4562,14.796175138399597
Long Island City - Astoria,2023,2393,-47.544936431389736
Lower Manhattan,2006,2415,
Lower Manhattan,2007,2552,5.67287784679089
Lower Manhattan,2008,2539,-0.5094043887147335
Lower Manhattan,2009,2654,4.529342260732571
Lower Manhattan,2010,2761,4.031650339110776
Lower Manhattan,2011,3916,41.832669322709165
Lower Manhattan,2012,3473,-11.312563840653727
Lower Manhattan,2013,2837,-18.312697955657935
Lower Manhattan,2014,2644,-6.8029608741628484
Lower Manhattan,2015,2507,-5.181543116490166
Lower Manhattan,2016,2604,3.8691663342640603
Lower Manhattan,2017,2295,-11.866359447004609
Lower Manhattan,2018,1948,-15.119825708061002
Lower Manhattan,2019,1842,-5.441478439425051
Lower Manhattan,2020,1082,-41.25950054288817
Lower Manhattan,2021,1023,-5.452865064695009
Lower Manhattan,2022,1196,16.911045943304007
Lower Manhattan,2023,737,-38.37792642140469
Northeast Bronx,2006,5911,
Northeast Bronx,2007,6688,13.144983928269326
Northeast Bronx,2008,7128,6.578947368421052
Northeast Bronx,2009,6918,-2.9461279461279464
Northeast Bronx,2010,6942,0.3469210754553339
Northeast Bronx,2011,6413,-7.620282339383463
Northeast Bronx,2012,6416,0.04677997816934352
Northeast Bronx,2013,6544,1.99501246882793
Northeast Bronx,2014,6816,4.156479217603912
Northeast Bronx,2015,6410,-5.956572769953052
Northeast Bronx,2016,5727,-10.655226209048362
Northeast Bronx,2017,5658,-1.2048192771084338
Northeast Bronx,2018,4923,-12.990455991516436
Northeast Bronx,2019,4607,-6.4188502945358525
Northeast Bronx,2020,2700,-41.39353158237465
Northeast Bronx,2021,3179,17.74074074074074
Northeast Bronx,2022,3714,16.829191569676
Northeast Bronx,2023,2153,-42.03015616585891
Pelham - Throgs Neck,2006,13716,
Pelham - Throgs Neck,2007,15345,11.876640419947506
Pelham - Throgs Neck,2008,14038,-8.51743238840013
Pelham - Throgs Neck,2009,14753,5.093318136486679
Pelham - Throgs Neck,2010,15073,2.1690503626381075
Pelham - Throgs Neck,2011,15883,5.373847276587275
Pelham - Throgs Neck,2012,13951,-12.163948876156898
Pelham - Throgs Neck,2013,12424,-10.945451938929109
Pelham - Throgs Neck,2014,12421,-0.024146812620734065
Pelham - Throgs Neck,2015,10106,-18.63779083809677
Pelham - Throgs Neck,2016,10335,2.265980605580843
Pelham - Throgs Neck,2017,10102,-2.2544750846637642
Pelham - Throgs Neck,2018,8976,-11.14630766184914
Pelham - Throgs Neck,2019,7645,-14.82843137254902
Pelham - Throgs Neck,2020,6228,-18.53499018966645
Pelham - Throgs Neck,2021,5709,-8.333333333333332
Pelham - Throgs Neck,2022,7432,30.1804168856192
Pelham - Throgs Neck,2023,4551,-38.76480086114101
Port Richmond,2006,2639,
Port Richmond,2007,2751,4.244031830238726
Port Richmond,2008,3378,22.791712104689203
Port Richmond,2009,3217,-4.766133806986383
Port Richmond,2010,3104,-3.5125893689773076
Port Richmond,2011,3294,6.121134020618556
Port Richmond,2012,2935,-10.89860352155434
Port Richmond,2013,3155,7.495741056218058
Port Richmond,2014,3995,26.62440570522979
Port Richmond,2015,3261,-18.3729662077597
Port Richmond,2016,3242,-0.5826433609322293
Port Richmond,2017,2871,-11.443553362122147
Port Richmond,2018,2543,-11.424590734935562
Port Richmond,2019,2302,-9.476995674400314
Port Richmond,2020,1912,-16.941789748045178
Port Richmond,2021,2003,4.7594142259414225
Port Richmond,2022,2119,5.791313030454318
Port Richmond,2023,1088,-48.65502595563945
Ridgewood - Forest Hills,2006,5768,
Ridgewood - Forest Hills,2007,5436,-5.755894590846047
Ridgewood - Forest Hills,2008,5734,5.481972038263429
Ridgewood - Forest Hills,2009,6568,14.544820369724452
Ridgewood - Forest Hills,2010,7150,8.861144945188794
Ridgewood - Forest Hills,2011,6770,-5.314685314685315
Ridgewood - Forest Hills,2012,6717,-0.7828655834564255
Ridgewood - Forest Hills,2013,6854,2.039601012356707
Ridgewood - Forest Hills,2014,6565,-4.216515903122264
Ridgewood - Forest Hills,2015,5373,-18.156892612338158
Ridgewood - Forest Hills,2016,4694,-12.637260375953844
Ridgewood - Forest Hills,2017,4399,-6.284618662121858
Ridgewood - Forest Hills,2018,4216,-4.160036371902706
Ridgewood - Forest Hills,2019,3692,-12.428842504743832
Ridgewood - Forest Hills,2020,2787,-24.5124593716143
Ridgewood - Forest Hills,2021,2909,4.377466810190168
Ridgewood - Forest Hills,2022,2441,-16.088002750085938
Ridgewood - Forest Hills,2023,1704,-30.192544039328144
Rockaway,2006,5160,
Rockaway,2007,5387,4.39922480620155
Rockaway,2008,5773,7.165398180805643
Rockaway,2009,5836,1.0912870258098042
Rockaway,2010,5785,-0.8738862234407128
Rockaway,2011,5585,-3.457216940363008
Rockaway,2012,5108,-8.540734109221129
Rockaway,2013,5451,6.714956930305403
Rockaway,2014,6563,20.399926618968998
Rockaway,2015,5251,-19.99085783940271
Rockaway,2016,5047,-3.884974290611312
Rockaway,2017,4612,-8.618981573211808
Rockaway,2018,4042,-12.35906331309627
Rockaway,2019,3572,-11.627906976744185
Rockaway,2020,2011,-43.7010078387458
Rockaway,2021,2338,16.260566882148186
Rockaway,2022,2817,20.487596236099233
Rockaway,2023,1444,-48.739794107206244
South Beach - Tottenville,2006,3218,
South Beach - Tottenville,2007,2965,-7.862026103169671
South Beach - Tottenville,2008,3701,24.822934232715006
South Beach - Tottenville,2009,3396,-8.241015941637396
South Beach - Tottenville,2010,3327,-2.0318021201413425
South Beach - Tottenville,2011,3383,1.6831980763450556
South Beach - Tottenville,2012,3353,-0.8867868755542417
South Beach - Tottenville,2013,3265,-2.62451535937966
South Beach - Tottenville,2014,3097,-5.145482388973966
South Beach - Tottenville,2015,2700,-12.818856958346785
South Beach - Tottenville,2016,3033,12.333333333333334
South Beach - Tottenville,2017,2952,-2.6706231454005933
South Beach - Tottenville,2018,2549,-13.651761517615176
South Beach - Tottenville,2019,2288,-10.239309533150255
South Beach - Tottenville,2020,1487,-35.00874125874126
South Beach - Tottenville,2021,1639,10.221923335574983
South Beach - Tottenville,2022,1643,0.24405125076266015
South Beach - Tottenville,2023,1066,-35.11868533171029
Southeast Queens,2006,4913,
Southeast Queens,2007,4494,-8.528394056584572
Southeast Queens,2008,4078,-9.256786826880285
Southeast Queens,2009,4723,15.816576753310446
Southeast Queens,2010,4655,-1.4397628625873384
Southeast Queens,2011,4758,2.2126745435016115
Southeast Queens,2012,4554,-4.287515762925599
Southeast Queens,2013,5263,15.56873078612209
Southeast Queens,2014,5022,-4.579137374121223
Southeast Queens,2015,3963,-21.08721624850657
Southeast Queens,2016,4002,0.984102952308857
Southeast Queens,2017,3965,-0.9245377311344328
Southeast Queens,2018,3354,-15.40983606557377
Southeast Queens,2019,2861,-14.69886702444842
Southeast Queens,2020,1595,-44.250262146102756
Southeast Queens,2021,2146,34.54545454545455
Southeast Queens,2022,3159,47.20410065237651
Southeast Queens,2023,1887,-40.2659069325736
Southwest Queens,2006,7328,
Southwest Queens,2007,8359,14.069323144104803
Southwest Queens,2008,8050,-3.696614427563106
Southwest Queens,2009,7951,-1.2298136645962732
Southwest Queens,2010,8126,2.200981008678154
Southwest Queens,2011,7602,-6.448437115431947
Southwest Queens,2012,7942,4.472507234938174
Southwest Queens,2013,8750,10.173759758247293
Southwest Queens,2014,7647,-12.605714285714287
Southwest Queens,2015,7217,-5.623120177847522
Southwest Queens,2016,7611,5.459332132465013
Southwest Queens,2017,7069,-7.121271843384575
Southwest Queens,2018,5704,-19.309661904088273
Southwest Queens,2019,5237,-8.187237026647965
Southwest Queens,2020,3507,-33.03417987397365
Southwest Queens,2021,4178,19.133162246934702
Southwest Queens,2022,4199,0.5026328386787937
Southwest Queens,2023,2975,-29.1497975708502
Stapleton - St. George,2006,5393,
Stapleton - St. George,2007,5560,3.096606712404969
Stapleton - St. George,2008,6422,15.50359712230216
Stapleton - St. George,2009,5905,-8.05045157271878
Stapleton - St. George,2010,5987,1.388653683319221
Stapleton - St. George,2011,5691,-4.944045431768832
Stapleton - St. George,2012,5401,-5.095765243366719
Stapleton - St. George,2013,4976,-7.868913164228847
Stapleton - St. George,2014,4529,-8.983118971061094
Stapleton - St. George,2015,3953,-12.718039302274233
Stapleton - St. George,2016,4971,25.752592967366557
Stapleton - St. George,2017,4668,-6.095353047676523
Stapleton - St. George,2018,4533,-2.892030848329049
Stapleton - St. George,2019,3845,-15.177586587249062
Stapleton - St. George,2020,1836,-52.249674902470744
Stapleton - St. George,2021,2857,55.61002178649237
Stapleton - St. George,2022,4229,48.022401120056
Stapleton - St. George,2023,2368,-44.005675100496575
Sunset Park,2006,4889,
Sunset Park,2007,4854,-0.7158928206177132
Sunset Park,2008,4505,-7.18994643592913
Sunset Park,2009,4241,-5.86015538290788
Sunset Park,2010,4573,7.828342372082056
Sunset Park,2011,4150,-9.249945331292368
Sunset Park,2012,4237,2.096385542168675
Sunset Park,2013,4345,2.5489733301864526
Sunset Park,2014,4330,-0.34522439585730724
Sunset Park,2015,3843,-11.247113163972285
Sunset Park,2016,4352,13.244860785844391
Sunset Park,2017,4866,11.810661764705882
Sunset Park,2018,3955,-18.721742704480064
Sunset Park,2019,3872,-2.0986093552465235
Sunset Park,2020,2841,-26.62706611570248
Sunset Park,2021,2525,-11.122844068989792
Sunset Park,2022,2433,-3.6435643564356432
Sunset Park,2023,1801,-25.976161117961365
Union Square - Lower East Side,2006,9173,
Union Square - Lower East Side,2007,9889,7.805516188815001
Union Square - Lower East Side,2008,9576,-3.165132976033977
Union Square - Lower East Side,2009,10663,11.351294903926483
Union Square - Lower East Side,2010,11925,11.835318390696802
Union Square - Lower East Side,2011,12264,2.842767295597484
Union Square - Lower East Side,2012,12026,-1.9406392694063925
Union Square - Lower East Side,2013,10970,-8.780974555130552
Union Square - Lower East Side,2014,10152,-7.456700091157703
Union Square - Lower East Side,2015,9693,-4.521276595744681
Union Square - Lower East Side,2016,8483,-12.483235324460951
Union Square - Lower East Side,2017,7519,-11.363904279146528
Union Square - Lower East Side,2018,5906,-21.452320787338742
Union Square - Lower East Side,2019,5171,-12.444971215712835
Union Square - Lower East Side,2020,3668,-29.065944691549024
Union Square - Lower East Side,2021,4142,12.92257360959651
Union Square - Lower East Side,2022,3871,-6.542732979237084
Union Square - Lower East Side,2023,2532,-34.59054507879101
Upper East Side,2006,3107,
Upper East Side,2007,3094,-0.41841004184100417
Upper East Side,2008,2678,-13.445378151260504
Upper East Side,2009,2591,-3.2486930545182973
Upper East Side,2010,2636,1.736781165573138
Upper East Side,2011,2684,1.8209408194233687
Upper East Side,2012,2971,10.692995529061102
Upper East Side,2013,2702,-9.054190508246382
Upper East Side,2014,2566,-5.033308660251666
Upper East Side,2015,2454,-4.364770070148091
Upper East Side,2016,2484,1.2224938875305624
Upper East Side,2017,2400,-3.3816425120772946
Upper East Side,2018,2056,-14.333333333333334
Upper East Side,2019,2056,0.0
Upper East Side,2020,1214,-40.95330739299611
Upper East Side,2021,1408,15.980230642504118
Upper East Side,2022,2090,48.4375
Upper East Side,2023,982,-53.014354066985646
Upper West Side,2006,5812,
Upper West Side,2007,6473,11.373021335168616
Upper West Side,2008,6340,-2.0546887069365054
Upper West Side,2009,6486,2.302839116719243
Upper West Side,2010,5846,-9.867406722170829
Upper West Side,2011,5495,-6.004105371193979
Upper West Side,2012,5699,3.7124658780709736
Upper West Side,2013,5320,-6.650289524477978
Upper West Side,2014,5554,4.398496240601504
Upper West Side,2015,4986,-10.2268635217861
Upper West Side,2016,4459,-10.569594865623747
Upper West Side,2017,4449,-0.2242655303879794
Upper West Side,2018,3702,-16.790289952798382
Upper West Side,2019,3119,-15.74824419232847
Upper West Side,2020,2470,-20.807951266431548
Upper West Side,2021,2564,3.8056680161943324
Upper West Side,2022,2721,6.123244929797192
Upper West Side,2023,1739,-36.08967291436972
Washington Heights - Inwood,2006,15745,
Washington Heights - Inwood,2007,18505,17.52937440457288
Washington Heights - Inwood,2008,17098,-7.603350445825452
Washington Heights - Inwood,2009,18120,5.977307287402035
Washington Heights - Inwood,2010,16486,-9.01766004415011
Washington Heights - Inwood,2011,16157,-1.9956326580128594
Washington Heights - Inwood,2012,15934,-1.3802067215448413
Washington Heights - Inwood,2013,15487,-2.8053219530563576
Washington Heights - Inwood,2014,14746,-4.784658100342223
Washington Heights - Inwood,2015,12105,-17.90994167909942
Washington Heights - Inwood,2016,11541,-4.659231722428749
Washington Heights - Inwood,2017,9435,-18.247985443202495
Washington Heights - Inwood,2018,7642,-19.003709591944887
Washington Heights - Inwood,2019,6058,-20.727558230829626
Washington Heights - Inwood,2020,3733,-38.37900297127765
Washington Heights - Inwood,2021,4824,29.225823734261986
Washington Heights - Inwood,2022,6435,33.3955223880597
Washington Heights - Inwood,2023,3367,-47.67676767676768
West Queens,2006,16121,
West Queens,2007,17687,9.714037590720178
West Queens,2008,17005,-3.855939390512806
West Queens,2009,18021,5.974713319611879
West Queens,2010,17019,-5.560179790244715
West Queens,2011,15644,-8.079205593748163
West Queens,2012,14139,-9.620301713116849
West Queens,2013,14811,4.752811372798642
West Queens,2014,14954,0.9654986158935926
West Queens,2015,12925,-13.568276046542731
West Queens,2016,11046,-14.53771760154739
West Queens,2017,10190,-7.749411551692921
West Queens,2018,9523,-6.545632973503435
West Queens,2019,8481,-10.941930064055445
West Queens,2020,5728,-32.46079471760406
West Queens,2021,5939,3.683659217877095
West Queens,2022,7875,32.59808048493012
West Queens,2023,4356,-44.68571428571428
Williamsburg - Bushwick,2006,12768,
Williamsburg - Bushwick,2007,13558,6.18734335839599
Williamsburg - Bushwick,2008,14498,6.933175984658504
Williamsburg - Bushwick,2009,15111,4.228169402676231
Williamsburg - Bushwick,2010,14568,-3.5934087750645225
Williamsburg - Bushwick,2011,15256,4.72267984623833
Williamsburg - Bushwick,2012,14403,-5.5912427897220764
Williamsburg - Bushwick,2013,13387,-7.054085954315073
Williamsburg - Bushwick,2014,11664,-12.870695450810487
Williamsburg - Bushwick,2015,9326,-20.044581618655695
Williamsburg - Bushwick,2016,8606,-7.720351704911002
Williamsburg - Bushwick,2017,7889,-8.33139669997676
Williamsburg - Bushwick,2018,6731,-14.678666497654962
Williamsburg - Bushwick,2019,5785,-14.054375278561878
Williamsburg - Bushwick,2020,3876,-32.999135695764906
Williamsburg - Bushwick,2021,4234,9.236326109391124
Williamsburg - Bushwick,2022,6484,53.14123760037789
Williamsburg - Bushwick,2023,3352,-48.303516347933375
Willowbrook,2006,1307,
Willowbrook,2007,1275,-2.448355011476664
Willowbrook,2008,1544,21.098039215686274
Willowbrook,2009,1418,-8.160621761658032
Willowbrook,2010,1809,27.57404795486601
Willowbrook,2011,1608,-11.11111111111111
Willowbrook,2012,1325,-17.599502487562187
Willowbrook,2013,1520,14.716981132075471
Willowbrook,2014,1606,5.657894736842105
Willowbrook,2015,1228,-23.536737235367372
Willowbrook,2016,1164,-5.211726384364821
Willowbrook,2017,969,-16.752577319587626
Willowbrook,2018,784,-19.09184726522188
Willowbrook,2019,702,-10.459183673469388
Willowbrook,2020,569,-18.945868945868945
Willowbrook,2021,540,-5.0966608084358525
Willowbrook,2022,664,22.962962962962962
Willowbrook,2023,364,-45.18072289156627
