Police_Precinct,ARREST_YEAR,#_ARRESTS,ARREST_CHANGE
1.0,2006,4508,
1.0,2007,5190,15.128660159716059
1.0,2008,5506,6.088631984585742
1.0,2009,5761,4.631311296767163
1.0,2010,5641,-2.0829717063009894
1.0,2011,6033,6.949122496011345
1.0,2012,6126,1.5415216310293387
1.0,2013,5275,-13.891609533137448
1.0,2014,4753,-9.895734597156398
1.0,2015,4314,-9.236271828318957
1.0,2016,4140,-4.033379694019471
1.0,2017,3391,-18.091787439613526
1.0,2018,3054,-9.938071365378946
1.0,2019,2916,-4.518664047151278
1.0,2020,1550,-46.844993141289436
1.0,2021,1837,18.516129032258064
1.0,2022,2356,28.252585737615675
1.0,2023,1187,-49.61799660441426
5.0,2006,4558,
5.0,2007,4649,1.9964896884598509
5.0,2008,4820,3.6782103678210367
5.0,2009,5148,6.804979253112033
5.0,2010,5216,1.320901320901321
5.0,2011,5039,-3.39340490797546
5.0,2012,5120,1.6074617979757888
5.0,2013,5481,7.05078125
5.0,2014,5595,2.079912424740011
5.0,2015,4994,-10.741733690795353
5.0,2016,4915,-1.5818982779335202
5.0,2017,4702,-4.333672431332655
5.0,2018,4234,-9.953211399404509
5.0,2019,3786,-10.581010864430798
5.0,2020,2035,-46.24933967247755
5.0,2021,2322,14.103194103194102
5.0,2022,2865,23.385012919896642
5.0,2023,1593,-44.397905759162306
6.0,2006,3725,
6.0,2007,4318,15.919463087248323
6.0,2008,4287,-0.7179249652616952
6.0,2009,4632,8.047585724282715
6.0,2010,4221,-8.873056994818652
6.0,2011,4418,4.667140488036011
6.0,2012,3769,-14.689904934359438
6.0,2013,3948,4.749270363491642
6.0,2014,3897,-1.2917933130699089
6.0,2015,3083,-20.887862458301257
6.0,2016,2406,-21.959130716834252
6.0,2017,2725,13.258520365752286
6.0,2018,2335,-14.311926605504588
6.0,2019,2027,-13.190578158458244
6.0,2020,1751,-13.616181549087322
6.0,2021,1343,-23.300970873786408
6.0,2022,1753,30.52866716306776
6.0,2023,1105,-36.96520250998289
7.0,2006,2927,
7.0,2007,3319,13.392552101127434
7.0,2008,2892,-12.865320879783068
7.0,2009,3180,9.95850622406639
7.0,2010,3391,6.635220125786163
7.0,2011,3537,4.305514597463874
7.0,2012,3604,1.894260672886627
7.0,2013,3367,-6.576026637069922
7.0,2014,3090,-8.226908226908227
7.0,2015,3280,6.148867313915858
7.0,2016,2853,-13.01829268292683
7.0,2017,2704,-5.222572730459166
7.0,2018,2307,-14.681952662721892
7.0,2019,2067,-10.403120936280883
7.0,2020,1256,-39.23560716013546
7.0,2021,1580,25.796178343949045
7.0,2022,2048,29.620253164556964
7.0,2023,965,-52.880859375
9.0,2006,3810,
9.0,2007,3873,1.6535433070866141
9.0,2008,3796,-1.9881229021430418
9.0,2009,3977,4.768177028451001
9.0,2010,4249,6.839326125220015
9.0,2011,4327,1.8357260531889856
9.0,2012,4489,3.743933441183268
9.0,2013,4022,-10.403207841390065
9.0,2014,3714,-7.65788165091994
9.0,2015,3493,-5.9504577275175015
9.0,2016,3300,-5.525336387059833
9.0,2017,2720,-17.575757575757574
9.0,2018,2214,-18.602941176470587
9.0,2019,1849,-16.485998193315265
9.0,2020,1166,-36.938885884261765
9.0,2021,1636,40.308747855917666
9.0,2022,1889,15.464547677261614
9.0,2023,1014,-46.3208046585495
10.0,2006,4239,
10.0,2007,3717,-12.314225053078557
10.0,2008,4149,11.62227602905569
10.0,2009,3955,-4.675825500120511
10.0,2010,3670,-7.206068268015171
10.0,2011,3588,-2.23433242506812
10.0,2012,3607,0.5295429208472687
10.0,2013,4396,21.874133629054615
10.0,2014,4186,-4.777070063694268
10.0,2015,4037,-3.559483994266603
10.0,2016,3441,-14.763438196680703
10.0,2017,2810,-18.33769253124092
10.0,2018,2355,-16.19217081850534
10.0,2019,2173,-7.7282377919320595
10.0,2020,1355,-37.64381040036815
10.0,2021,1610,18.81918819188192
10.0,2022,1635,1.5527950310559007
10.0,2023,855,-47.706422018348626
13.0,2006,4218,
13.0,2007,4727,12.067330488383119
13.0,2008,4719,-0.16924053310767928
13.0,2009,5087,7.798262343716889
13.0,2010,5589,9.86829172400236
13.0,2011,6488,16.085167292896763
13.0,2012,6119,-5.687422934648581
13.0,2013,6291,2.81091681647328
13.0,2014,6172,-1.8915911619774282
13.0,2015,6466,4.763447828904731
13.0,2016,4769,-26.244973708629754
13.0,2017,4247,-10.945690920528413
13.0,2018,3312,-22.015540381445724
13.0,2019,2768,-16.425120772946862
13.0,2020,1776,-35.83815028901734
13.0,2021,2055,15.70945945945946
13.0,2022,2845,38.44282238442822
13.0,2023,1350,-52.54833040421792
14.0,2006,13511,
14.0,2007,14206,5.143956775960329
14.0,2008,13897,-2.1751372659439676
14.0,2009,14772,6.2963229473987194
14.0,2010,15200,2.8973734091524506
14.0,2011,13588,-10.605263157894736
14.0,2012,13082,-3.723874006476303
14.0,2013,14233,8.798348876318606
14.0,2014,14629,2.782266563619757
14.0,2015,12701,-13.179301387654657
14.0,2016,11062,-12.904495708999292
14.0,2017,9586,-13.342975953715422
14.0,2018,7955,-17.014395994158146
14.0,2019,5917,-25.619107479572595
14.0,2020,2978,-49.67044110190975
14.0,2021,4719,58.462055070517124
14.0,2022,6006,27.27272727272727
14.0,2023,3724,-37.995337995338
17.0,2006,1674,
17.0,2007,1802,7.646356033452808
17.0,2008,1607,-10.821309655937847
17.0,2009,1632,1.5556938394523958
17.0,2010,1578,-3.308823529411765
17.0,2011,1572,-0.38022813688212925
17.0,2012,1714,9.033078880407125
17.0,2013,1695,-1.1085180863477246
17.0,2014,1624,-4.188790560471976
17.0,2015,1253,-22.844827586206897
17.0,2016,1375,9.7366320830008
17.0,2017,1517,10.327272727272726
17.0,2018,1441,-5.009887936717205
17.0,2019,1345,-6.662040249826509
17.0,2020,847,-37.026022304832715
17.0,2021,881,4.014167650531287
17.0,2022,896,1.70261066969353
17.0,2023,464,-48.214285714285715
18.0,2006,4844,
18.0,2007,5123,5.759702725020644
18.0,2008,4922,-3.9234823345695884
18.0,2009,5489,11.519707436001625
18.0,2010,5609,2.18619056294407
18.0,2011,5831,3.9579247637725086
18.0,2012,5452,-6.499742754244554
18.0,2013,5730,5.099046221570066
18.0,2014,6310,10.12216404886562
18.0,2015,5382,-14.706814580031697
18.0,2016,4792,-10.962467484206615
18.0,2017,4973,3.777128547579299
18.0,2018,3935,-20.872712648300826
18.0,2019,3129,-20.48284625158831
18.0,2020,1891,-39.565356343879834
18.0,2021,2477,30.988894764674775
18.0,2022,2957,19.378280177634235
18.0,2023,1674,-43.388569496110925
19.0,2006,3732,
19.0,2007,3617,-3.0814576634512325
19.0,2008,3290,-9.040641415537738
19.0,2009,3259,-0.9422492401215805
19.0,2010,3207,-1.595581466707579
19.0,2011,3264,1.7773620205799812
19.0,2012,3367,3.1556372549019605
19.0,2013,3187,-5.346005346005346
19.0,2014,3016,-5.365547536868529
19.0,2015,2814,-6.697612732095491
19.0,2016,2846,1.1371712864250179
19.0,2017,2864,0.6324666198172875
19.0,2018,2366,-17.38826815642458
19.0,2019,2433,2.83178360101437
19.0,2020,1474,-39.41635840526099
19.0,2021,1548,5.020352781546811
19.0,2022,2172,40.310077519379846
19.0,2023,1035,-52.348066298342545
20.0,2006,2137,
20.0,2007,2361,10.481984089845579
20.0,2008,2331,-1.2706480304955527
20.0,2009,2522,8.193908193908193
20.0,2010,2298,-8.881839809674862
20.0,2011,2199,-4.308093994778068
20.0,2012,2020,-8.14006366530241
20.0,2013,2131,5.4950495049504955
20.0,2014,2284,7.1797278273111225
20.0,2015,1933,-15.367775831873907
20.0,2016,1882,-2.638385928608381
20.0,2017,1918,1.9128586609989375
20.0,2018,1667,-13.086548488008344
20.0,2019,1492,-10.497900419916016
20.0,2020,813,-45.50938337801609
20.0,2021,1033,27.060270602706026
20.0,2022,1106,7.066795740561471
20.0,2023,527,-52.35081374321881
22.0,2006,776,
22.0,2007,861,10.95360824742268
22.0,2008,915,6.2717770034843205
22.0,2009,825,-9.836065573770492
22.0,2010,940,13.939393939393941
22.0,2011,836,-11.063829787234042
22.0,2012,784,-6.220095693779904
22.0,2013,680,-13.26530612244898
22.0,2014,598,-12.058823529411764
22.0,2015,605,1.1705685618729096
22.0,2016,379,-37.35537190082645
22.0,2017,351,-7.387862796833773
22.0,2018,221,-37.03703703703704
22.0,2019,175,-20.81447963800905
22.0,2020,81,-53.714285714285715
22.0,2021,103,27.160493827160494
22.0,2022,165,60.19417475728155
22.0,2023,94,-43.03030303030303
23.0,2006,5770,
23.0,2007,5706,-1.1091854419410745
23.0,2008,5619,-1.5247108307045216
23.0,2009,5980,6.424630717209467
23.0,2010,5857,-2.0568561872909696
23.0,2011,5930,1.246371862728359
23.0,2012,5339,-9.96627318718381
23.0,2013,5402,1.179996253980146
23.0,2014,5236,-3.0729359496482784
23.0,2015,4982,-4.851031321619557
23.0,2016,4582,-8.028904054596547
23.0,2017,3999,-12.72370144041903
23.0,2018,3232,-19.179794948737182
23.0,2019,2700,-16.46039603960396
23.0,2020,1853,-31.37037037037037
23.0,2021,1731,-6.583917970858068
23.0,2022,2047,18.25534373194685
23.0,2023,1217,-40.54714215925745
24.0,2006,2894,
24.0,2007,3573,23.46233586731168
24.0,2008,3299,-7.668625804645955
24.0,2009,3293,-0.18187329493785995
24.0,2010,3043,-7.591861524445793
24.0,2011,2788,-8.379888268156424
24.0,2012,3028,8.608321377331421
24.0,2013,2810,-7.199471598414796
24.0,2014,2687,-4.377224199288256
24.0,2015,2644,-1.6002977298101972
24.0,2016,2299,-13.048411497730712
24.0,2017,2198,-4.393214441061331
24.0,2018,1788,-18.653321201091902
24.0,2019,1396,-21.92393736017897
24.0,2020,1220,-12.607449856733524
24.0,2021,1492,22.295081967213115
24.0,2022,1717,15.080428954423592
24.0,2023,1009,-41.234711706464765
25.0,2006,8048,
25.0,2007,9210,14.438369781312128
25.0,2008,8909,-3.2681867535287736
25.0,2009,8882,-0.3030643169828263
25.0,2010,9937,11.877955415446971
25.0,2011,8751,-11.93519170775888
25.0,2012,9438,7.850531367843675
25.0,2013,9834,4.195804195804196
25.0,2014,9651,-1.8608907870652835
25.0,2015,7407,-23.251476530929438
25.0,2016,6691,-9.666531659241258
25.0,2017,6512,-2.6752353908234943
25.0,2018,5362,-17.65970515970516
25.0,2019,4671,-12.8869824692279
25.0,2020,2798,-40.098479982873044
25.0,2021,2944,5.218012866333095
25.0,2022,3031,2.9551630434782608
25.0,2023,1792,-40.877598152424945
26.0,2006,2559,
26.0,2007,2706,5.74443141852286
26.0,2008,3163,16.888396156688838
26.0,2009,3280,3.699019917799557
26.0,2010,3299,0.5792682926829268
26.0,2011,3261,-1.151864201273113
26.0,2012,3688,13.094142900950628
26.0,2013,3717,0.7863340563991325
26.0,2014,2859,-23.08313155770783
26.0,2015,2636,-7.799930045470445
26.0,2016,2205,-16.350531107739
26.0,2017,2022,-8.299319727891156
26.0,2018,1863,-7.863501483679524
26.0,2019,1673,-10.198604401502951
26.0,2020,1063,-36.46144650328751
26.0,2021,1062,-0.09407337723424271
26.0,2022,1031,-2.919020715630885
26.0,2023,554,-46.26576139670223
28.0,2006,6337,
28.0,2007,6394,0.8994792488559256
28.0,2008,6293,-1.579605880512981
28.0,2009,7358,16.923565866836167
28.0,2010,6708,-8.8339222614841
28.0,2011,6388,-4.770423375074538
28.0,2012,6438,0.7827175954915466
28.0,2013,6176,-4.069586828207518
28.0,2014,5665,-8.273963730569948
28.0,2015,4329,-23.58340688437776
28.0,2016,4416,2.0097020097020097
28.0,2017,3383,-23.392210144927535
28.0,2018,2370,-29.9438368312149
28.0,2019,2199,-7.215189873417721
28.0,2020,1468,-33.24238290131878
28.0,2021,1947,32.629427792915536
28.0,2022,2465,26.605033384694405
28.0,2023,1213,-50.79107505070994
30.0,2006,4589,
30.0,2007,5510,20.069731967748965
30.0,2008,4752,-13.756805807622504
30.0,2009,5593,17.69781144781145
30.0,2010,4601,-17.736456284641516
30.0,2011,4580,-0.45642251684416435
30.0,2012,4518,-1.3537117903930131
30.0,2013,4899,8.432934926958831
30.0,2014,4179,-14.69687691365585
30.0,2015,3799,-9.093084469968892
30.0,2016,3334,-12.24006317451961
30.0,2017,2049,-38.54229154169166
30.0,2018,1691,-17.471937530502686
30.0,2019,1556,-7.983441750443525
30.0,2020,1040,-33.16195372750643
30.0,2021,1492,43.46153846153846
30.0,2022,1826,22.386058981233244
30.0,2023,807,-55.80503833515882
32.0,2006,6014,
32.0,2007,6188,2.893249085467243
32.0,2008,7267,17.436974789915965
32.0,2009,7042,-3.096188248245493
32.0,2010,6530,-7.270661743822777
32.0,2011,6626,1.4701378254211332
32.0,2012,5883,-11.213401750679143
32.0,2013,5512,-6.306306306306306
32.0,2014,5302,-3.8098693759071116
32.0,2015,5032,-5.092417955488495
32.0,2016,5189,3.120031796502385
32.0,2017,3862,-25.573328194257083
32.0,2018,3105,-19.60124287933713
32.0,2019,2965,-4.508856682769726
32.0,2020,1837,-38.043844856661046
32.0,2021,2357,28.307022318998364
32.0,2022,2308,-2.0789138735680948
32.0,2023,1109,-51.94974003466204
33.0,2006,5683,
33.0,2007,6772,19.162414217842688
33.0,2008,6883,1.6391021854695806
33.0,2009,6591,-4.242336190614558
33.0,2010,5898,-10.514337733272644
33.0,2011,5505,-6.663275686673449
33.0,2012,5091,-7.520435967302452
33.0,2013,5451,7.071302298173247
33.0,2014,4866,-10.731975784259769
33.0,2015,4140,-14.919852034525277
33.0,2016,3935,-4.951690821256038
33.0,2017,3488,-11.359593392630241
33.0,2018,2617,-24.97133027522936
33.0,2019,2201,-15.896064195643866
33.0,2020,1497,-31.9854611540209
33.0,2021,2056,37.34134936539746
33.0,2022,1777,-13.570038910505836
33.0,2023,1087,-38.829487900956664
34.0,2006,5726,
34.0,2007,6449,12.62661543835138
34.0,2008,5856,-9.195224065746627
34.0,2009,6174,5.4303278688524586
34.0,2010,6143,-0.5021056041464205
34.0,2011,6075,-1.1069510011395085
34.0,2012,6063,-0.19753086419753088
34.0,2013,5443,-10.225960745505526
34.0,2014,5846,7.404005144221937
34.0,2015,4585,-21.570304481696887
34.0,2016,4478,-2.3336968375136316
34.0,2017,4146,-7.414024117909782
34.0,2018,3132,-24.457308248914618
34.0,2019,2449,-21.807151979565774
34.0,2020,1473,-39.85300122498979
34.0,2021,1432,-2.7834351663272234
34.0,2022,1867,30.377094972067038
34.0,2023,1508,-19.228709159078736
40.0,2006,10762,
40.0,2007,11025,2.4437836833302358
40.0,2008,10866,-1.4421768707482994
40.0,2009,11614,6.883857905392969
40.0,2010,11184,-3.7024281040123985
40.0,2011,10445,-6.607653791130186
40.0,2012,11155,6.797510770703687
40.0,2013,11078,-0.6902734199910354
40.0,2014,12471,12.574471926340495
40.0,2015,11892,-4.642771229251864
40.0,2016,10181,-14.387823747056844
40.0,2017,8200,-19.457813574305078
40.0,2018,6597,-19.54878048780488
40.0,2019,6968,5.62376837956647
40.0,2020,4284,-38.51894374282434
40.0,2021,3957,-7.633053221288516
40.0,2022,5612,41.824614607025524
40.0,2023,3477,-38.04347826086957
41.0,2006,5722,
41.0,2007,6646,16.14819993009437
41.0,2008,7040,5.928377971712308
41.0,2009,7090,0.7102272727272727
41.0,2010,6994,-1.3540197461212977
41.0,2011,7739,10.651987417786675
41.0,2012,7193,-7.0551750872205705
41.0,2013,7080,-1.5709717781176142
41.0,2014,7240,2.2598870056497176
41.0,2015,6411,-11.450276243093922
41.0,2016,5968,-6.90999844018094
41.0,2017,4743,-20.526139410187668
41.0,2018,3626,-23.550495467004005
41.0,2019,3050,-15.88527302813017
41.0,2020,2217,-27.311475409836067
41.0,2021,1941,-12.449255751014885
41.0,2022,3081,58.73261205564142
41.0,2023,1780,-42.22654982148653
42.0,2006,5389,
42.0,2007,5429,0.7422527370569679
42.0,2008,6112,12.580585743230799
42.0,2009,7336,20.026178010471206
42.0,2010,7143,-2.6308615049073065
42.0,2011,6908,-3.2899342013159734
42.0,2012,6027,-12.753329473074695
42.0,2013,6144,1.9412643106022895
42.0,2014,6226,1.3346354166666665
42.0,2015,5417,-12.993896562801158
42.0,2016,5603,3.4336348532398
42.0,2017,5048,-9.905407817240764
42.0,2018,4184,-17.11568938193344
42.0,2019,3683,-11.974187380497133
42.0,2020,2495,-32.25631278848765
42.0,2021,3057,22.5250501002004
42.0,2022,3169,3.663722603859994
42.0,2023,2110,-33.41748185547491
43.0,2006,10593,
43.0,2007,11891,12.2533748701973
43.0,2008,10850,-8.75452022538054
43.0,2009,10900,0.4608294930875576
43.0,2010,10966,0.6055045871559633
43.0,2011,11885,8.380448659492979
43.0,2012,10069,-15.279764408918805
43.0,2013,7996,-20.58794319197537
43.0,2014,8070,0.9254627313656828
43.0,2015,6377,-20.97893432465923
43.0,2016,6002,-5.880508075897758
43.0,2017,5941,-1.016327890703099
43.0,2018,4796,-19.272849688604612
43.0,2019,3976,-17.097581317764803
43.0,2020,3140,-21.026156941649898
43.0,2021,3382,7.707006369426751
43.0,2022,4564,34.94973388527499
43.0,2023,2752,-39.70201577563541
44.0,2006,12475,
44.0,2007,14441,15.759519038076153
44.0,2008,14581,0.9694619486185166
44.0,2009,15112,3.6417255332281737
44.0,2010,16240,7.464266807834834
44.0,2011,15415,-5.080049261083744
44.0,2012,13667,-11.33960428154395
44.0,2013,13031,-4.65354503548694
44.0,2014,11435,-12.24771698258
44.0,2015,11132,-2.64975951027547
44.0,2016,9457,-15.046712181099533
44.0,2017,7952,-15.914137675795706
44.0,2018,7447,-6.350603621730383
44.0,2019,6716,-9.816033302000806
44.0,2020,3988,-40.61941631923764
44.0,2021,4573,14.66900702106319
44.0,2022,5860,28.143450688825716
44.0,2023,3776,-35.563139931740615
45.0,2006,3015,
45.0,2007,3007,-0.26533996683250416
45.0,2008,3333,10.84137013634852
45.0,2009,3477,4.32043204320432
45.0,2010,3406,-2.0419902214552774
45.0,2011,3553,4.315913094539049
45.0,2012,3360,-5.432029271038559
45.0,2013,2987,-11.101190476190476
45.0,2014,3110,4.117843990626046
45.0,2015,2963,-4.72668810289389
45.0,2016,2790,-5.838677016537294
45.0,2017,2567,-7.992831541218639
45.0,2018,2601,1.3245033112582782
45.0,2019,2231,-14.225297962322184
45.0,2020,1437,-35.589421783953384
45.0,2021,1484,3.2707028531663185
45.0,2022,1720,15.902964959568733
45.0,2023,1373,-20.174418604651162
46.0,2006,11317,
46.0,2007,12327,8.924626667844835
46.0,2008,12758,3.496390038127687
46.0,2009,12319,-3.4409782097507446
46.0,2010,10032,-18.564818572936115
46.0,2011,9347,-6.828149920255183
46.0,2012,8736,-6.536856745479833
46.0,2013,7799,-10.7257326007326
46.0,2014,7885,1.102705475060905
46.0,2015,6360,-19.340519974635384
46.0,2016,5566,-12.484276729559749
46.0,2017,5349,-3.8986704994610135
46.0,2018,5645,5.533744625163582
46.0,2019,4627,-18.033658104517272
46.0,2020,3313,-28.39853036524746
46.0,2021,3229,-2.5354663447026864
46.0,2022,4546,40.78662124496748
46.0,2023,2900,-36.207655081390236
47.0,2006,5986,
47.0,2007,7244,21.01570330771801
47.0,2008,7840,8.227498619547212
47.0,2009,7907,0.8545918367346939
47.0,2010,7740,-2.1120526116099656
47.0,2011,7011,-9.41860465116279
47.0,2012,6741,-3.8510911424903727
47.0,2013,7011,4.005340453938585
47.0,2014,6920,-1.297960348024533
47.0,2015,5993,-13.395953757225435
47.0,2016,5785,-3.470715835140998
47.0,2017,5814,0.5012964563526361
47.0,2018,5360,-7.808737530099759
47.0,2019,4688,-12.53731343283582
47.0,2020,3195,-31.847269624573375
47.0,2021,3593,12.456964006259781
47.0,2022,3713,3.339827442248817
47.0,2023,2152,-42.04147589550229
48.0,2006,5202,
48.0,2007,7540,44.9442522106882
48.0,2008,6806,-9.73474801061008
48.0,2009,7194,5.700852189244784
48.0,2010,7465,3.7670280789546844
48.0,2011,6476,-13.248492967180175
48.0,2012,6494,0.2779493514515133
48.0,2013,6895,6.1749307052664
48.0,2014,6494,-5.815808556925308
48.0,2015,5930,-8.684939944564213
48.0,2016,5532,-6.7116357504215856
48.0,2017,4795,-13.322487346348518
48.0,2018,4365,-8.967674661105319
48.0,2019,3373,-22.7262313860252
48.0,2020,2431,-27.927660836050993
48.0,2021,2472,1.686548745372275
48.0,2022,3092,25.080906148867317
48.0,2023,1930,-37.58085381630013
49.0,2006,2647,
49.0,2007,3025,14.280317340385343
49.0,2008,3129,3.43801652892562
49.0,2009,3122,-0.22371364653243847
49.0,2010,3410,9.224855861627162
49.0,2011,3301,-3.1964809384164226
49.0,2012,3743,13.38988185398364
49.0,2013,4055,8.335559711461395
49.0,2014,3918,-3.3785450061652282
49.0,2015,3390,-13.476263399693721
49.0,2016,3622,6.843657817109144
49.0,2017,3576,-1.2700165654334623
49.0,2018,3258,-8.89261744966443
49.0,2019,2697,-17.21915285451197
49.0,2020,1697,-37.07823507601038
49.0,2021,1598,-5.833824395992929
49.0,2022,2261,41.48936170212766
49.0,2023,1272,-43.74170720919947
50.0,2006,2245,
50.0,2007,3008,33.98663697104677
50.0,2008,3130,4.055851063829787
50.0,2009,4771,52.42811501597444
50.0,2010,7735,62.125340599455036
50.0,2011,7111,-8.067226890756302
50.0,2012,4464,-37.22401912529884
50.0,2013,2659,-40.43458781362007
50.0,2014,2727,2.557352388115833
50.0,2015,2456,-9.937660432709938
50.0,2016,2489,1.3436482084690555
50.0,2017,2051,-17.597428686219367
50.0,2018,1648,-19.648951730862994
50.0,2019,1983,20.32766990291262
50.0,2020,1300,-34.44276348966213
50.0,2021,1541,18.53846153846154
50.0,2022,1586,2.9201817001946786
50.0,2023,783,-50.63051702395964
52.0,2006,8553,
52.0,2007,10170,18.90564714135391
52.0,2008,9681,-4.808259587020649
52.0,2009,9841,1.652721826257618
52.0,2010,11383,15.669139315110254
52.0,2011,10462,-8.091012913994554
52.0,2012,9424,-9.921621104951251
52.0,2013,9124,-3.183361629881155
52.0,2014,9184,0.657606313020605
52.0,2015,7139,-22.26698606271777
52.0,2016,6217,-12.914974086006442
52.0,2017,6783,9.104069486890785
52.0,2018,5919,-12.737726669615215
52.0,2019,4822,-18.533536070282143
52.0,2020,3227,-33.07756117793447
52.0,2021,3191,-1.1155872327238923
52.0,2022,4880,52.9301159511125
52.0,2023,2452,-49.75409836065573
60.0,2006,4574,
60.0,2007,4961,8.460865763008307
60.0,2008,4800,-3.2453134448699856
60.0,2009,5177,7.854166666666666
60.0,2010,5037,-2.7042688815916556
60.0,2011,4490,-10.859638673813778
60.0,2012,4085,-9.020044543429844
60.0,2013,4329,5.973072215422277
60.0,2014,4563,5.405405405405405
60.0,2015,4899,7.363576594345825
60.0,2016,4471,-8.736476832006531
60.0,2017,4093,-8.454484455379111
60.0,2018,3818,-6.718788174932812
60.0,2019,3176,-16.81508643268727
60.0,2020,2199,-30.761964735516372
60.0,2021,2320,5.5025011368804
60.0,2022,2538,9.39655172413793
60.0,2023,1646,-35.1457840819543
61.0,2006,3221,
61.0,2007,3423,6.271344303011488
61.0,2008,3243,-5.258545135845749
61.0,2009,3372,3.9777983348751156
61.0,2010,3075,-8.807829181494661
61.0,2011,3124,1.5934959349593496
61.0,2012,3299,5.60179257362356
61.0,2013,3286,-0.39405880569869656
61.0,2014,3326,1.2172854534388313
61.0,2015,2817,-15.303668069753456
61.0,2016,2663,-5.466808661696841
61.0,2017,2598,-2.44085617724371
61.0,2018,2246,-13.548883756735949
61.0,2019,2016,-10.240427426536064
61.0,2020,1390,-31.051587301587304
61.0,2021,1467,5.53956834532374
61.0,2022,1550,5.657805044308112
61.0,2023,990,-36.12903225806451
62.0,2006,2598,
62.0,2007,2819,8.506543494996151
62.0,2008,2909,3.192621496984746
62.0,2009,2824,-2.9219663114472327
62.0,2010,2480,-12.181303116147308
62.0,2011,2466,-0.564516129032258
62.0,2012,2444,-0.8921330089213302
62.0,2013,2391,-2.1685761047463172
62.0,2014,2954,23.54663320786282
62.0,2015,2781,-5.856465809072444
62.0,2016,2551,-8.270406328658755
62.0,2017,2401,-5.880047040376323
62.0,2018,1651,-31.236984589754268
62.0,2019,1789,8.358570563294974
62.0,2020,1148,-35.83007266629402
62.0,2021,1488,29.61672473867596
62.0,2022,1728,16.129032258064516
62.0,2023,1015,-41.261574074074076
63.0,2006,2196,
63.0,2007,2633,19.899817850637522
63.0,2008,2412,-8.393467527535131
63.0,2009,2341,-2.943615257048093
63.0,2010,2323,-0.7689021785561726
63.0,2011,2544,9.51356005165734
63.0,2012,2516,-1.10062893081761
63.0,2013,2365,-6.001589825119237
63.0,2014,2333,-1.3530655391120507
63.0,2015,2218,-4.929275610801543
63.0,2016,2310,4.147880973850315
63.0,2017,2039,-11.731601731601732
63.0,2018,2045,0.2942618930848455
63.0,2019,1778,-13.056234718826406
63.0,2020,1365,-23.228346456692915
63.0,2021,1478,8.278388278388277
63.0,2022,1863,26.04871447902571
63.0,2023,1093,-41.33118625872249
66.0,2006,1971,
66.0,2007,1971,0.0
66.0,2008,1778,-9.791983764586504
66.0,2009,1723,-3.093363329583802
66.0,2010,1780,3.3081834010446896
66.0,2011,1616,-9.213483146067416
66.0,2012,1665,3.032178217821782
66.0,2013,1823,9.48948948948949
66.0,2014,1883,3.2912781130005486
66.0,2015,1954,3.7705788635156665
66.0,2016,1903,-2.610030706243603
66.0,2017,1477,-22.385706778770363
66.0,2018,1240,-16.046039268788086
66.0,2019,1219,-1.6935483870967745
66.0,2020,944,-22.559474979491387
66.0,2021,1094,15.889830508474576
66.0,2022,1434,31.078610603290674
66.0,2023,719,-49.860529986052995
67.0,2006,6299,
67.0,2007,6824,8.334656294649944
67.0,2008,5985,-12.294841735052756
67.0,2009,6726,12.380952380952381
67.0,2010,6198,-7.850133809099019
67.0,2011,6242,0.7099064214262665
67.0,2012,7015,12.383851329702019
67.0,2013,6615,-5.702066999287242
67.0,2014,7080,7.029478458049887
67.0,2015,6379,-9.901129943502825
67.0,2016,5530,-13.309296127919737
67.0,2017,4830,-12.658227848101266
67.0,2018,4516,-6.50103519668737
67.0,2019,3855,-14.636846767050487
67.0,2020,2498,-35.20103761348898
67.0,2021,2916,16.733386709367494
67.0,2022,3132,7.4074074074074066
67.0,2023,2034,-35.05747126436782
68.0,2006,2013,
68.0,2007,2308,14.654744162940883
68.0,2008,2249,-2.55632582322357
68.0,2009,2481,10.315695864828813
68.0,2010,2544,2.539298669891173
68.0,2011,2366,-6.99685534591195
68.0,2012,2117,-10.524091293322064
68.0,2013,2316,9.40009447331129
68.0,2014,2349,1.4248704663212435
68.0,2015,2149,-8.514261387824607
68.0,2016,2640,22.847836202885063
68.0,2017,2893,9.583333333333334
68.0,2018,2507,-13.342550985136537
68.0,2019,2063,-17.710410849621063
68.0,2020,1379,-33.15559864275327
68.0,2021,1455,5.511240029006526
68.0,2022,1528,5.017182130584192
68.0,2023,1080,-29.31937172774869
69.0,2006,2773,
69.0,2007,2923,5.409304002884962
69.0,2008,2866,-1.9500513171399245
69.0,2009,2742,-4.326587578506629
69.0,2010,3004,9.555069292487236
69.0,2011,3146,4.727030625832223
69.0,2012,3216,2.2250476795931338
69.0,2013,3125,-2.8296019900497513
69.0,2014,3738,19.616
69.0,2015,2961,-20.786516853932586
69.0,2016,2811,-5.065856129685916
69.0,2017,2816,0.17787264318747778
69.0,2018,2191,-22.194602272727273
69.0,2019,1509,-31.12733911455956
69.0,2020,1030,-31.7428760768721
69.0,2021,1364,32.42718446601941
69.0,2022,1766,29.472140762463344
69.0,2023,954,-45.97961494903737
70.0,2006,5199,
70.0,2007,5719,10.001923446816697
70.0,2008,5640,-1.381360377688407
70.0,2009,5816,3.120567375886525
70.0,2010,6257,7.582530949105914
70.0,2011,5498,-12.130413936391243
70.0,2012,5094,-7.348126591487814
70.0,2013,5128,0.6674519042010209
70.0,2014,5335,4.036661466458658
70.0,2015,4350,-18.46298031865042
70.0,2016,3806,-12.50574712643678
70.0,2017,4005,5.228586442459275
70.0,2018,3810,-4.868913857677903
70.0,2019,2974,-21.942257217847768
70.0,2020,1924,-35.305985205110964
70.0,2021,1993,3.5862785862785866
70.0,2022,2408,20.822880080280985
70.0,2023,1351,-43.895348837209305
71.0,2006,4651,
71.0,2007,5264,13.179961298645454
71.0,2008,4675,-11.189209726443769
71.0,2009,4964,6.181818181818182
71.0,2010,5441,9.609186140209507
71.0,2011,5173,-4.9255651534644365
71.0,2012,4557,-11.907983761840326
71.0,2013,4702,3.1819179284617074
71.0,2014,4759,1.2122501063377287
71.0,2015,4421,-7.102332422777895
71.0,2016,4011,-9.273919927618186
71.0,2017,3564,-11.144353029169784
71.0,2018,2973,-16.58249158249158
71.0,2019,2467,-17.01984527413387
71.0,2020,1433,-41.9132549655452
71.0,2021,1791,24.982554082344734
71.0,2022,2080,16.136236739251814
71.0,2023,1189,-42.83653846153846
72.0,2006,4245,
72.0,2007,4440,4.593639575971731
72.0,2008,4110,-7.4324324324324325
72.0,2009,3850,-6.326034063260341
72.0,2010,4051,5.220779220779221
72.0,2011,3672,-9.3557146383609
72.0,2012,3648,-0.6535947712418301
72.0,2013,3621,-0.7401315789473684
72.0,2014,3697,2.098867716100525
72.0,2015,3239,-12.38842304571274
72.0,2016,3397,4.878048780487805
72.0,2017,3869,13.89461289372976
72.0,2018,3336,-13.776169552856036
72.0,2019,3199,-4.106714628297362
72.0,2020,2059,-35.63613629259144
72.0,2021,2089,1.4570179698882952
72.0,2022,2424,16.036381043561512
72.0,2023,1430,-41.006600660066006
73.0,2006,8796,
73.0,2007,10057,14.336061846293772
73.0,2008,9929,-1.2727453514964702
73.0,2009,11364,14.452613556249371
73.0,2010,11666,2.6575149595212952
73.0,2011,12742,9.22338419338248
73.0,2012,11687,-8.279704912886517
73.0,2013,10248,-12.31282621716437
73.0,2014,9813,-4.244730679156908
73.0,2015,8380,-14.603077550188527
73.0,2016,7462,-10.954653937947494
73.0,2017,5934,-20.47708389171804
73.0,2018,5249,-11.543646781260533
73.0,2019,4233,-19.35606782244237
73.0,2020,2686,-36.54618473895582
73.0,2021,2508,-6.626954579300075
73.0,2022,3788,51.03668261562998
73.0,2023,2556,-32.52375923970433
75.0,2006,12275,
75.0,2007,13190,7.4541751527494915
75.0,2008,13685,3.7528430629264595
75.0,2009,15176,10.895140664961637
75.0,2010,15272,0.632577754348972
75.0,2011,15622,2.291775798847564
75.0,2012,15180,-2.829343233900909
75.0,2013,14580,-3.9525691699604746
75.0,2014,13810,-5.2812071330589845
75.0,2015,11851,-14.185372918175235
75.0,2016,10183,-14.074761623491689
75.0,2017,8173,-19.738780320141412
75.0,2018,6714,-17.851462131408297
75.0,2019,6052,-9.859994042299672
75.0,2020,3792,-37.343027098479844
75.0,2021,4278,12.81645569620253
75.0,2022,5657,32.234689107059374
75.0,2023,3632,-35.79635849390136
76.0,2006,2649,
76.0,2007,2322,-12.344280860702153
76.0,2008,2209,-4.866494401378122
76.0,2009,2139,-3.168854685377999
76.0,2010,2054,-3.973819541841982
76.0,2011,1838,-10.516066212268745
76.0,2012,2194,19.368879216539717
76.0,2013,1830,-16.590701914311758
76.0,2014,1737,-5.081967213114754
76.0,2015,1611,-7.253886010362693
76.0,2016,2257,40.09931719428926
76.0,2017,2382,5.5383252104563585
76.0,2018,2068,-13.182199832073888
76.0,2019,1628,-21.27659574468085
76.0,2020,746,-54.17690417690417
76.0,2021,761,2.0107238605898123
76.0,2022,827,8.672798948751643
76.0,2023,624,-24.546553808948005
77.0,2006,6253,
77.0,2007,6722,7.500399808092116
77.0,2008,6792,1.0413567390657543
77.0,2009,6849,0.8392226148409895
77.0,2010,7319,6.862315666520661
77.0,2011,7300,-0.25959830577947807
77.0,2012,6414,-12.136986301369863
77.0,2013,6377,-0.5768631119426255
77.0,2014,5974,-6.319586012231457
77.0,2015,4548,-23.870103783059925
77.0,2016,4533,-0.32981530343007914
77.0,2017,4471,-1.3677476285020957
77.0,2018,3846,-13.978975620666517
77.0,2019,3116,-18.980759230369216
77.0,2020,2151,-30.969191270860076
77.0,2021,1986,-7.670850767085077
77.0,2022,2249,13.24269889224572
77.0,2023,1349,-40.01778568252557
78.0,2006,3020,
78.0,2007,2785,-7.781456953642383
78.0,2008,2744,-1.4721723518850987
78.0,2009,2836,3.3527696793002915
78.0,2010,2797,-1.3751763046544427
78.0,2011,2902,3.7540221666070788
78.0,2012,2903,0.03445899379738111
78.0,2013,2626,-9.541853255253187
78.0,2014,2579,-1.78979436405179
78.0,2015,2677,3.7999224505622333
78.0,2016,2635,-1.5689204333208817
78.0,2017,2372,-9.981024667931688
78.0,2018,1869,-21.205733558178753
78.0,2019,1405,-24.826110219368648
78.0,2020,840,-40.213523131672595
78.0,2021,1000,19.047619047619047
78.0,2022,1398,39.800000000000004
78.0,2023,986,-29.470672389127323
79.0,2006,7142,
79.0,2007,8455,18.384206104732566
79.0,2008,7674,-9.237137788290953
79.0,2009,9716,26.609330205890018
79.0,2010,8656,-10.909839440098807
79.0,2011,7965,-7.982902033271719
79.0,2012,8161,2.460765850596359
79.0,2013,8168,0.08577380223011886
79.0,2014,6988,-14.44662095984329
79.0,2015,5582,-20.12020606754436
79.0,2016,4876,-12.647796488713722
79.0,2017,4444,-8.859721082854799
79.0,2018,4085,-8.078307830783078
79.0,2019,3347,-18.066095471236228
79.0,2020,2731,-18.404541380340603
79.0,2021,2661,-2.5631636763090446
79.0,2022,2758,3.6452461480646376
79.0,2023,1594,-42.20449601160261
81.0,2006,3800,
81.0,2007,4585,20.657894736842106
81.0,2008,4615,0.6543075245365322
81.0,2009,5212,12.936078006500543
81.0,2010,5709,9.535686876438987
81.0,2011,5452,-4.501664039236294
81.0,2012,5253,-3.6500366837857663
81.0,2013,5086,-3.179135731962688
81.0,2014,4581,-9.929217459693275
81.0,2015,3684,-19.58087753765553
81.0,2016,3437,-6.704668838219327
81.0,2017,2673,-22.228687809135874
81.0,2018,2044,-23.53161242050131
81.0,2019,1838,-10.078277886497064
81.0,2020,1265,-31.17519042437432
81.0,2021,1376,8.774703557312254
81.0,2022,1815,31.90406976744186
81.0,2023,1069,-41.10192837465565
83.0,2006,7286,
83.0,2007,8160,11.995608015371946
83.0,2008,8573,5.061274509803922
83.0,2009,8521,-0.6065554648314476
83.0,2010,8616,1.114892618237296
83.0,2011,9511,10.387650882079852
83.0,2012,8607,-9.504783934391757
83.0,2013,7340,-14.720576275124897
83.0,2014,6316,-13.950953678474114
83.0,2015,4994,-20.930968967701077
83.0,2016,4309,-13.716459751702043
83.0,2017,3944,-8.470642840566258
83.0,2018,3335,-15.441176470588236
83.0,2019,2981,-10.614692653673163
83.0,2020,1984,-33.44515263334451
83.0,2021,2207,11.23991935483871
83.0,2022,2411,9.243316719528773
83.0,2023,1508,-37.45333886354209
84.0,2006,4129,
84.0,2007,4235,2.5672075563090337
84.0,2008,4384,3.518299881936245
84.0,2009,4702,7.2536496350364965
84.0,2010,4972,5.7422373458102935
84.0,2011,5221,5.00804505229284
84.0,2012,4485,-14.096916299559473
84.0,2013,4363,-2.720178372352285
84.0,2014,4548,4.240201696080678
84.0,2015,4482,-1.4511873350923483
84.0,2016,4406,-1.6956715751896476
84.0,2017,4413,0.15887426236949614
84.0,2018,3781,-14.321323362791752
84.0,2019,3173,-16.08040201005025
84.0,2020,1809,-42.98770879294043
84.0,2021,1974,9.12106135986733
84.0,2022,2937,48.78419452887538
84.0,2023,1608,-45.25025536261491
88.0,2006,2238,
88.0,2007,2189,-2.189454870420018
88.0,2008,1739,-20.55733211512106
88.0,2009,1994,14.66359976998275
88.0,2010,2105,5.566700100300903
88.0,2011,2029,-3.6104513064133017
88.0,2012,2470,21.73484475110892
88.0,2013,2277,-7.813765182186234
88.0,2014,2316,1.7127799736495388
88.0,2015,1929,-16.709844559585495
88.0,2016,2266,17.47019180922758
88.0,2017,1600,-29.3909973521624
88.0,2018,1057,-33.9375
88.0,2019,956,-9.555345316934721
88.0,2020,744,-22.17573221757322
88.0,2021,619,-16.801075268817204
88.0,2022,1123,81.421647819063
88.0,2023,780,-30.543187889581482
90.0,2006,4042,
90.0,2007,3801,-5.962394854032657
90.0,2008,4398,15.706393054459353
90.0,2009,4284,-2.592087312414734
90.0,2010,4124,-3.734827264239029
90.0,2011,4742,14.98545101842871
90.0,2012,4229,-10.818220160269929
90.0,2013,4629,9.458500827618822
90.0,2014,3993,-13.739468567725211
90.0,2015,3689,-7.6133233158026545
90.0,2016,3538,-4.093250203307129
90.0,2017,3325,-6.020350480497457
90.0,2018,2552,-23.24812030075188
90.0,2019,2472,-3.1347962382445136
90.0,2020,1474,-40.372168284789645
90.0,2021,1696,15.061058344640434
90.0,2022,2253,32.84198113207547
90.0,2023,1213,-46.16067465601421
94.0,2006,1571,
94.0,2007,1485,-5.47422024188415
94.0,2008,1521,2.4242424242424243
94.0,2009,1712,12.557527942143325
94.0,2010,1961,14.544392523364486
94.0,2011,1742,-11.167771545130035
94.0,2012,1905,9.357060849598163
94.0,2013,2107,10.603674540682414
94.0,2014,1817,-13.763644992880874
94.0,2015,1480,-18.547055586130984
94.0,2016,1502,1.4864864864864866
94.0,2017,1728,15.046604527296935
94.0,2018,1419,-17.881944444444446
94.0,2019,1011,-28.752642706131077
94.0,2020,649,-35.80613254203759
94.0,2021,1017,56.70261941448382
94.0,2022,1380,35.693215339233035
94.0,2023,742,-46.231884057971016
100.0,2006,1676,
100.0,2007,1782,6.324582338902148
100.0,2008,1959,9.932659932659933
100.0,2009,2072,5.768249106687085
100.0,2010,2124,2.5096525096525095
100.0,2011,2078,-2.1657250470809792
100.0,2012,1874,-9.817131857555342
100.0,2013,1835,-2.08110992529349
100.0,2014,2296,25.122615803814714
100.0,2015,2035,-11.36759581881533
100.0,2016,2057,1.0810810810810811
100.0,2017,1843,-10.403500243072436
100.0,2018,1587,-13.8903960933261
100.0,2019,1385,-12.728418399495906
100.0,2020,908,-34.44043321299639
100.0,2021,841,-7.3788546255506615
100.0,2022,996,18.430439952437574
100.0,2023,574,-42.369477911646584
101.0,2006,3364,
101.0,2007,3648,8.442330558858501
101.0,2008,3815,4.577850877192982
101.0,2009,3706,-2.857142857142857
101.0,2010,3734,0.7555315704263357
101.0,2011,3471,-7.043385109801821
101.0,2012,3307,-4.724863151829444
101.0,2013,3418,3.356516480193529
101.0,2014,4318,26.331187829139846
101.0,2015,3255,-24.617878647522
101.0,2016,2911,-10.568356374807989
101.0,2017,2733,-6.114737203710066
101.0,2018,2666,-2.451518477863154
101.0,2019,2107,-20.967741935483872
101.0,2020,1533,-27.242524916943523
101.0,2021,1475,-3.7834311806914545
101.0,2022,1575,6.779661016949152
101.0,2023,870,-44.761904761904766
102.0,2006,4037,
102.0,2007,4689,16.15060688630171
102.0,2008,5022,7.1017274472168905
102.0,2009,4599,-8.422939068100359
102.0,2010,4781,3.95738203957382
102.0,2011,4316,-9.72599874503242
102.0,2012,4290,-0.6024096385542169
102.0,2013,4819,12.331002331002331
102.0,2014,4193,-12.990246939199004
102.0,2015,3965,-5.437634152158359
102.0,2016,4457,12.408575031525851
102.0,2017,4286,-3.8366614314561365
102.0,2018,3569,-16.728884741017268
102.0,2019,2857,-19.94956570467918
102.0,2020,1961,-31.361568078403916
102.0,2021,2245,14.482406935237124
102.0,2022,2530,12.694877505567929
102.0,2023,1577,-37.66798418972332
103.0,2006,6636,
103.0,2007,7107,7.097649186256781
103.0,2008,7854,10.510764035458
103.0,2009,8163,3.9343009931245225
103.0,2010,8401,2.9155947568295972
103.0,2011,8416,0.17855017259850017
103.0,2012,8496,0.9505703422053232
103.0,2013,9426,10.94632768361582
103.0,2014,9468,0.4455760661998727
103.0,2015,8711,-7.995352767215885
103.0,2016,6278,-27.930203191367237
103.0,2017,4886,-22.172666454284805
103.0,2018,4137,-15.329512893982807
103.0,2019,4044,-2.2480058013052937
103.0,2020,2951,-27.02769535113749
103.0,2021,3203,8.539478143002372
103.0,2022,4200,31.127068373399936
103.0,2023,2998,-28.61904761904762
104.0,2006,4156,
104.0,2007,3695,-11.092396535129932
104.0,2008,3957,7.090663058186738
104.0,2009,4525,14.354308819812989
104.0,2010,5211,15.160220994475138
104.0,2011,4976,-4.509691038188447
104.0,2012,4716,-5.22508038585209
104.0,2013,4660,-1.1874469889737065
104.0,2014,4549,-2.3819742489270386
104.0,2015,3679,-19.125082435700154
104.0,2016,3113,-15.384615384615385
104.0,2017,3051,-1.9916479280436876
104.0,2018,2697,-11.60275319567355
104.0,2019,2266,-15.980719317760474
104.0,2020,1917,-15.401588702559577
104.0,2021,1906,-0.5738132498695879
104.0,2022,1937,1.6264428121720882
104.0,2023,1010,-47.857511615900876
105.0,2006,4910,
105.0,2007,4404,-10.30549898167006
105.0,2008,3890,-11.671207992733878
105.0,2009,4471,14.935732647814909
105.0,2010,4487,0.3578617758890628
105.0,2011,4525,0.8468910184978827
105.0,2012,4447,-1.723756906077348
105.0,2013,5040,13.334832471328987
105.0,2014,4921,-2.361111111111111
105.0,2015,3884,-21.07295265190002
105.0,2016,3768,-2.9866117404737382
105.0,2017,3863,2.521231422505308
105.0,2018,3186,-17.525239451203728
105.0,2019,2688,-15.630885122410545
105.0,2020,2074,-22.842261904761905
105.0,2021,2115,1.9768563162970105
105.0,2022,2676,26.52482269503546
105.0,2023,1869,-30.15695067264574
106.0,2006,3130,
106.0,2007,3677,17.47603833865815
106.0,2008,3243,-11.803100353549087
106.0,2009,3413,5.242059821153253
106.0,2010,3395,-0.527395253442719
106.0,2011,3404,0.2650957290132548
106.0,2012,3662,7.579318448883667
106.0,2013,4198,14.636810486073184
106.0,2014,3562,-15.15007146260124
106.0,2015,3273,-8.11341942728804
106.0,2016,3282,0.27497708524289644
106.0,2017,2856,-12.979890310786105
106.0,2018,2737,-4.166666666666666
106.0,2019,2405,-12.130069419071976
106.0,2020,1719,-28.523908523908524
106.0,2021,1901,10.587550901687028
106.0,2022,2352,23.72435560231457
106.0,2023,1447,-38.47789115646258
107.0,2006,3633,
107.0,2007,3153,-13.212221304706853
107.0,2008,3241,2.7909927053599746
107.0,2009,3510,8.29990743597655
107.0,2010,3508,-0.056980056980056974
107.0,2011,3018,-13.968072976054732
107.0,2012,3308,9.609012591119948
107.0,2013,3670,10.943168077388151
107.0,2014,3661,-0.2452316076294278
107.0,2015,3121,-14.750068287353182
107.0,2016,2961,-5.12656199935918
107.0,2017,3293,11.21242823370483
107.0,2018,2409,-26.844822350440328
107.0,2019,2083,-13.532586135325861
107.0,2020,1410,-32.30916946711474
107.0,2021,1693,20.070921985815605
107.0,2022,2048,20.968694624926165
107.0,2023,1129,-44.873046875
108.0,2006,3272,
108.0,2007,3440,5.134474327628362
108.0,2008,2986,-13.197674418604652
108.0,2009,2756,-7.702612190221031
108.0,2010,2977,8.018867924528301
108.0,2011,2907,-2.35136042996305
108.0,2012,2250,-22.60061919504644
108.0,2013,2914,29.51111111111111
108.0,2014,2778,-4.667124227865477
108.0,2015,2384,-14.18286537077034
108.0,2016,2018,-15.35234899328859
108.0,2017,2172,7.631318136769079
108.0,2018,1912,-11.970534069981584
108.0,2019,1776,-7.112970711297072
108.0,2020,1006,-43.35585585585586
108.0,2021,1539,52.98210735586481
108.0,2022,2000,29.9545159194282
108.0,2023,1080,-46.0
109.0,2006,5202,
109.0,2007,4836,-7.035755478662054
109.0,2008,4688,-3.0603804797353185
109.0,2009,4848,3.4129692832764507
109.0,2010,4791,-1.1757425742574257
109.0,2011,5484,14.464621164683782
109.0,2012,5232,-4.595185995623632
109.0,2013,5323,1.7392966360856268
109.0,2014,5026,-5.579560398271651
109.0,2015,4495,-10.565061679267808
109.0,2016,4266,-5.0945494994438265
109.0,2017,4087,-4.195968120018753
109.0,2018,3997,-2.202104232933692
109.0,2019,3510,-12.184138103577684
109.0,2020,2239,-36.21082621082621
109.0,2021,2522,12.639571237159448
109.0,2022,3448,36.71689135606661
109.0,2023,2177,-36.861948955916475
110.0,2006,5426,
110.0,2007,5891,8.569848875783267
110.0,2008,5603,-4.8888134442369715
110.0,2009,5323,-4.997322862752098
110.0,2010,5492,3.174901371407101
110.0,2011,4988,-9.176984705025491
110.0,2012,4748,-4.811547714514836
110.0,2013,4926,3.748946925021061
110.0,2014,4887,-0.7917174177831912
110.0,2015,4873,-0.2864743196234909
110.0,2016,3989,-18.14077570285245
110.0,2017,3360,-15.768362998245175
110.0,2018,3401,1.2202380952380953
110.0,2019,3053,-10.23228462216995
110.0,2020,2075,-32.03406485424173
110.0,2021,2292,10.457831325301205
110.0,2022,3140,36.99825479930192
110.0,2023,2013,-35.89171974522293
111.0,2006,1946,
111.0,2007,1830,-5.960945529290853
111.0,2008,1851,1.1475409836065573
111.0,2009,1848,-0.1620745542949757
111.0,2010,1801,-2.5432900432900434
111.0,2011,1559,-13.436979455857855
111.0,2012,1614,3.527902501603592
111.0,2013,1660,2.8500619578686495
111.0,2014,1434,-13.614457831325302
111.0,2015,1476,2.928870292887029
111.0,2016,1584,7.317073170731707
111.0,2017,1409,-11.047979797979798
111.0,2018,1054,-25.195173882185944
111.0,2019,952,-9.67741935483871
111.0,2020,580,-39.075630252100844
111.0,2021,700,20.689655172413794
111.0,2022,733,4.714285714285714
111.0,2023,453,-38.199181446111865
112.0,2006,2341,
112.0,2007,2304,-1.5805211448099103
112.0,2008,2235,-2.994791666666667
112.0,2009,2541,13.691275167785236
112.0,2010,2488,-2.085792994883904
112.0,2011,2414,-2.97427652733119
112.0,2012,2507,3.852526926263463
112.0,2013,2614,4.268049461507778
112.0,2014,2555,-2.2570772762050497
112.0,2015,2166,-15.22504892367906
112.0,2016,1849,-14.635272391505078
112.0,2017,1493,-19.253650621957817
112.0,2018,1551,3.884795713328868
112.0,2019,1610,3.8039974210186975
112.0,2020,1033,-35.838509316770185
112.0,2021,1350,30.68731848983543
112.0,2022,1535,13.703703703703704
112.0,2023,750,-51.14006514657981
113.0,2006,5539,
113.0,2007,6261,13.034843834627189
113.0,2008,6296,0.5590161316083693
113.0,2009,7248,15.120711562897077
113.0,2010,5824,-19.646799116997794
113.0,2011,5764,-1.0302197802197801
113.0,2012,6840,18.667591950034698
113.0,2013,7924,15.84795321637427
113.0,2014,8539,7.761231701161029
113.0,2015,6929,-18.854666822812977
113.0,2016,6649,-4.040987155433685
113.0,2017,5963,-10.317340953526847
113.0,2018,6112,2.4987422438369946
113.0,2019,5943,-2.7650523560209423
113.0,2020,3281,-44.79219249537271
113.0,2021,3210,-2.1639743980493753
113.0,2022,3588,11.775700934579438
113.0,2023,2379,-33.69565217391305
114.0,2006,6650,
114.0,2007,7644,14.947368421052632
114.0,2008,6293,-17.673992673992675
114.0,2009,6198,-1.509613856666137
114.0,2010,5751,-7.212003872216845
114.0,2011,5503,-4.312293514171448
114.0,2012,5454,-0.890423405415228
114.0,2013,5855,7.352401906857351
114.0,2014,6015,2.7327070879590094
114.0,2015,5308,-11.75394846217789
114.0,2016,5783,8.948756593820647
114.0,2017,5278,-8.732491786270103
114.0,2018,4300,-18.529746115953014
114.0,2019,3587,-16.581395348837212
114.0,2020,2664,-25.731809311402287
114.0,2021,3464,30.03003003003003
114.0,2022,3851,11.172055427251733
114.0,2023,1819,-52.76551545053233
115.0,2006,8484,
115.0,2007,9163,8.003300330033003
115.0,2008,9365,2.2045181709047257
115.0,2009,10486,11.970101441537642
115.0,2010,9332,-11.005149723440779
115.0,2011,8331,-10.726532361765967
115.0,2012,7560,-9.254591285559957
115.0,2013,7935,4.9603174603174605
115.0,2014,7920,-0.1890359168241966
115.0,2015,6354,-19.772727272727273
115.0,2016,5557,-12.54327982373308
115.0,2017,5244,-5.632535540759402
115.0,2018,4680,-10.755148741418765
115.0,2019,4361,-6.816239316239316
115.0,2020,2681,-38.52327447833066
115.0,2021,2627,-2.0141738157403952
115.0,2022,2897,10.277883517320136
115.0,2023,1737,-40.04142216085606
120.0,2006,5283,
120.0,2007,5650,6.9468105243233005
120.0,2008,6613,17.04424778761062
120.0,2009,6127,-7.3491607439891125
120.0,2010,6410,4.618899951036396
120.0,2011,6135,-4.290171606864274
120.0,2012,5789,-5.639771801140994
120.0,2013,5060,-12.592848505786838
120.0,2014,4532,-10.434782608695652
120.0,2015,3959,-12.64342453662842
120.0,2016,4835,22.126799696893155
120.0,2017,4733,-2.1096173733195447
120.0,2018,4593,-2.957954785548278
120.0,2019,3720,-19.007184846505552
120.0,2020,2381,-35.994623655913976
120.0,2021,2911,22.25955480890382
120.0,2022,3731,28.169014084507044
120.0,2023,2345,-37.148217636022515
121.0,2006,2952,
121.0,2007,2900,-1.7615176151761516
121.0,2008,3626,25.03448275862069
121.0,2009,3540,-2.3717595146166577
121.0,2010,3540,0.0
121.0,2011,3499,-1.1581920903954803
121.0,2012,3018,-13.746784795655904
121.0,2013,3651,20.974155069582505
121.0,2014,4920,34.757600657354146
121.0,2015,3801,-22.743902439024392
121.0,2016,3786,-0.3946329913180742
121.0,2017,3083,-18.568409931325938
121.0,2018,2640,-14.369120986052547
121.0,2019,2536,-3.939393939393939
121.0,2020,1892,-25.39432176656151
121.0,2021,2191,15.803382663847781
121.0,2022,2290,4.518484710178001
121.0,2023,1189,-48.07860262008734
122.0,2006,3021,
122.0,2007,2743,-9.202250910294604
122.0,2008,3349,22.092599343784176
122.0,2009,2813,-16.00477754553598
122.0,2010,2833,0.7109847138286527
122.0,2011,2914,2.8591599011648428
122.0,2012,2841,-2.5051475634866165
122.0,2013,2539,-10.630059838085181
122.0,2014,2287,-9.925167388735723
122.0,2015,1934,-15.435067774376913
122.0,2016,2208,14.167528438469493
122.0,2017,1976,-10.507246376811594
122.0,2018,1973,-0.15182186234817813
122.0,2019,1805,-8.514951849974658
122.0,2020,1209,-33.01939058171745
122.0,2021,1314,8.6848635235732
122.0,2022,1391,5.859969558599695
122.0,2023,795,-42.846872753414814
123.0,2006,1150,
123.0,2007,1118,-2.782608695652174
123.0,2008,1415,26.565295169946335
123.0,2009,1493,5.512367491166078
123.0,2010,1478,-1.0046885465505693
123.0,2011,1477,-0.06765899864682003
123.0,2012,1371,-7.176709546377793
123.0,2013,1471,7.293946024799417
123.0,2014,1538,4.554724677090414
123.0,2015,1424,-7.412223667100131
123.0,2016,1515,6.390449438202247
123.0,2017,1586,4.686468646864687
123.0,2018,1218,-23.203026481715007
123.0,2019,971,-20.279146141215108
123.0,2020,713,-26.570545829042224
123.0,2021,795,11.50070126227209
123.0,2022,963,21.132075471698116
123.0,2023,557,-42.15991692627207
