State_Senate_District,ARREST_YEAR,ARREST_QUARTER,#_ARRESTS,ARREST_CHANGE
10.0,2006,0,2823,
10.0,2006,1,2897,2.6213248317392845
10.0,2006,2,2938,1.4152571625819814
10.0,2006,3,2763,-5.95643294758339
10.0,2007,0,3097,12.088309808179515
10.0,2007,1,3057,-1.2915724895059735
10.0,2007,2,3451,12.888452731436049
10.0,2007,3,2928,-15.15502752825268
10.0,2008,0,3067,4.747267759562841
10.0,2008,1,3210,4.662536680795566
10.0,2008,2,3371,5.015576323987539
10.0,2008,3,2985,-11.450608128151883
10.0,2009,0,3222,7.939698492462312
10.0,2009,1,3385,5.058969584109249
10.0,2009,2,3804,12.378138847858198
10.0,2009,3,3145,-17.32386961093586
10.0,2010,0,3107,-1.208267090620032
10.0,2010,1,3301,6.243965239781139
10.0,2010,2,3071,-6.967585580127233
10.0,2010,3,2554,-16.83490719635298
10.0,2011,0,2796,9.475332811276429
10.0,2011,1,3161,13.054363376251787
10.0,2011,2,3037,-3.9228092375830435
10.0,2011,3,2834,-6.684227856437273
10.0,2012,0,3261,15.067043048694426
10.0,2012,1,3329,2.0852499233364
10.0,2012,2,3316,-0.39050765995794534
10.0,2012,3,2362,-28.76960193003619
10.0,2013,0,3164,33.95427603725656
10.0,2013,1,3600,13.780025284450062
10.0,2013,2,3520,-2.2222222222222223
10.0,2013,3,3460,-1.7045454545454544
10.0,2014,0,3764,8.786127167630058
10.0,2014,1,3875,2.948990435706695
10.0,2014,2,4331,11.76774193548387
10.0,2014,3,3229,-25.444470099284228
10.0,2015,0,2961,-8.299783214617529
10.0,2015,1,3178,7.328605200945626
10.0,2015,2,3398,6.922592825676527
10.0,2015,3,2716,-20.070629782224838
10.0,2016,0,2875,5.8541973490427095
10.0,2016,1,3036,5.6000000000000005
10.0,2016,2,2910,-4.150197628458498
10.0,2016,3,2699,-7.2508591065292105
10.0,2017,0,2837,5.11300481659874
10.0,2017,1,2825,-0.42298202326401124
10.0,2017,2,2561,-9.345132743362832
10.0,2017,3,2630,2.694260054666146
10.0,2018,0,2789,6.0456273764258555
10.0,2018,1,2697,-3.2986733596271063
10.0,2018,2,2680,-0.6303299962921765
10.0,2018,3,2439,-8.992537313432836
10.0,2019,0,2464,1.025010250102501
10.0,2019,1,2524,2.4350649350649354
10.0,2019,2,2472,-2.0602218700475436
10.0,2019,3,2011,-18.648867313915858
10.0,2020,0,1930,-4.027846842366982
10.0,2020,1,1411,-26.89119170984456
10.0,2020,2,1182,-16.229624379872433
10.0,2020,3,1438,21.658206429780034
10.0,2021,0,1472,2.364394993045897
10.0,2021,1,1481,0.6114130434782609
10.0,2021,2,1544,4.25388251181634
10.0,2021,3,1413,-8.484455958549223
10.0,2022,0,1496,5.874026893135174
10.0,2022,1,1686,12.70053475935829
10.0,2022,2,1803,6.93950177935943
10.0,2022,3,1598,-11.369938990571269
10.0,2023,0,1995,24.84355444305382
10.0,2023,1,2098,5.162907268170426
11.0,2006,0,1535,
11.0,2006,1,1627,5.993485342019544
11.0,2006,2,1314,-19.237861094038106
11.0,2006,3,1345,2.359208523592085
11.0,2007,0,1293,-3.866171003717472
11.0,2007,1,1433,10.827532869296212
11.0,2007,2,1413,-1.3956734124214933
11.0,2007,3,1223,-13.446567586694973
11.0,2008,0,1362,11.365494685200327
11.0,2008,1,1217,-10.646108663729809
11.0,2008,2,1215,-0.16433853738701726
11.0,2008,3,1176,-3.2098765432098766
11.0,2009,0,1361,15.731292517006803
11.0,2009,1,1349,-0.881704628949302
11.0,2009,2,1320,-2.149740548554485
11.0,2009,3,1289,-2.348484848484848
11.0,2010,0,1368,6.12878200155159
11.0,2010,1,1275,-6.798245614035088
11.0,2010,2,1334,4.627450980392156
11.0,2010,3,1388,4.0479760119940025
11.0,2011,0,1466,5.619596541786744
11.0,2011,1,1554,6.002728512960437
11.0,2011,2,1270,-18.275418275418275
11.0,2011,3,1201,-5.433070866141732
11.0,2012,0,1549,28.975853455453787
11.0,2012,1,1338,-13.621691413815364
11.0,2012,2,1399,4.559043348281016
11.0,2012,3,1204,-13.9385275196569
11.0,2013,0,1514,25.74750830564784
11.0,2013,1,1589,4.953764861294584
11.0,2013,2,1674,5.349276274386407
11.0,2013,3,1614,-3.584229390681003
11.0,2014,0,1767,9.479553903345725
11.0,2014,1,1640,-7.187323146576118
11.0,2014,2,1551,-5.426829268292683
11.0,2014,3,1543,-0.5157962604771116
11.0,2015,0,1332,-13.674659753726507
11.0,2015,1,1364,2.4024024024024024
11.0,2015,2,1468,7.624633431085044
11.0,2015,3,1269,-13.555858310626704
11.0,2016,0,1274,0.3940110323089046
11.0,2016,1,1325,4.003139717425432
11.0,2016,2,1102,-16.830188679245282
11.0,2016,3,1190,7.985480943738657
11.0,2017,0,1183,-0.5882352941176471
11.0,2017,1,1254,6.001690617075233
11.0,2017,2,1159,-7.575757575757576
11.0,2017,3,1114,-3.882657463330457
11.0,2018,0,971,-12.836624775583482
11.0,2018,1,1047,7.826982492276004
11.0,2018,2,1049,0.19102196752626552
11.0,2018,3,880,-16.11058150619638
11.0,2019,0,903,2.6136363636363633
11.0,2019,1,931,3.10077519379845
11.0,2019,2,858,-7.841031149301826
11.0,2019,3,732,-14.685314685314685
11.0,2020,0,723,-1.2295081967213115
11.0,2020,1,572,-20.885200553250346
11.0,2020,2,567,-0.8741258741258742
11.0,2020,3,686,20.98765432098765
11.0,2021,0,647,-5.685131195335277
11.0,2021,1,632,-2.3183925811437405
11.0,2021,2,703,11.234177215189874
11.0,2021,3,687,-2.275960170697013
11.0,2022,0,791,15.138282387190685
11.0,2022,1,958,21.11251580278129
11.0,2022,2,916,-4.3841336116910234
11.0,2022,3,885,-3.384279475982533
11.0,2023,0,926,4.632768361581921
11.0,2023,1,1159,25.161987041036717
12.0,2006,0,2063,
12.0,2006,1,1903,-7.755695588948133
12.0,2006,2,1790,-5.9379926431949555
12.0,2006,3,2133,19.162011173184357
12.0,2007,0,2174,1.9221753398968588
12.0,2007,1,2068,-4.875804967801288
12.0,2007,2,1989,-3.8201160541586074
12.0,2007,3,2140,7.59175465057818
12.0,2008,0,2093,-2.196261682242991
12.0,2008,1,1941,-7.262302914476828
12.0,2008,2,1786,-7.985574446161772
12.0,2008,3,1941,8.678611422172452
12.0,2009,0,2141,10.303967027305513
12.0,2009,1,2139,-0.09341429238673517
12.0,2009,2,1900,-11.173445535296867
12.0,2009,3,1911,0.5789473684210527
12.0,2010,0,2071,8.372579801151229
12.0,2010,1,2218,7.098020280057943
12.0,2010,2,2096,-5.500450856627593
12.0,2010,3,2264,8.015267175572518
12.0,2011,0,2225,-1.7226148409893993
12.0,2011,1,2214,-0.4943820224719101
12.0,2011,2,1684,-23.938572719060524
12.0,2011,3,1892,12.351543942992874
12.0,2012,0,2226,17.653276955602536
12.0,2012,1,1824,-18.059299191374663
12.0,2012,2,1756,-3.7280701754385963
12.0,2012,3,1554,-11.503416856492027
12.0,2013,0,1941,24.903474903474905
12.0,2013,1,1997,2.8851107676455436
12.0,2013,2,2022,1.2518778167250877
12.0,2013,3,1823,-9.841740850642926
12.0,2014,0,2043,12.068019747668677
12.0,2014,1,2002,-2.006852667645619
12.0,2014,2,2022,0.999000999000999
12.0,2014,3,1879,-7.072205736894165
12.0,2015,0,1589,-15.433741351782862
12.0,2015,1,1703,7.174323473882946
12.0,2015,2,1656,-2.7598355842630653
12.0,2015,3,1657,0.06038647342995169
12.0,2016,0,1503,-9.293904646952324
12.0,2016,1,1565,4.125083166999334
12.0,2016,2,1373,-12.268370607028753
12.0,2016,3,1530,11.43481427530954
12.0,2017,0,1278,-16.470588235294116
12.0,2017,1,1373,7.433489827856025
12.0,2017,2,1313,-4.369992716678805
12.0,2017,3,1289,-1.827875095201828
12.0,2018,0,1373,6.516679596586501
12.0,2018,1,1323,-3.641660597232338
12.0,2018,2,1091,-17.535903250188962
12.0,2018,3,1107,1.466544454628781
12.0,2019,0,1057,-4.5167118337850045
12.0,2019,1,1144,8.230842005676443
12.0,2019,2,1118,-2.272727272727273
12.0,2019,3,1012,-9.481216457960643
12.0,2020,0,887,-12.351778656126482
12.0,2020,1,646,-27.17023675310034
12.0,2020,2,605,-6.3467492260061915
12.0,2020,3,775,28.09917355371901
12.0,2021,0,869,12.129032258064516
12.0,2021,1,833,-4.1426927502876865
12.0,2021,2,871,4.561824729891957
12.0,2021,3,875,0.4592422502870264
12.0,2022,0,929,6.171428571428572
12.0,2022,1,1099,18.29924650161464
12.0,2022,2,1079,-1.8198362147406733
12.0,2022,3,1157,7.228915662650602
12.0,2023,0,1144,-1.1235955056179776
12.0,2023,1,1098,-4.020979020979021
13.0,2006,0,3098,
13.0,2006,1,3291,6.229825693996126
13.0,2006,2,3217,-2.248556669705257
13.0,2006,3,2868,-10.84861672365558
13.0,2007,0,3277,14.260808926080893
13.0,2007,1,3502,6.8660360085444
13.0,2007,2,3549,1.3420902341519132
13.0,2007,3,2908,-18.061425753733445
13.0,2008,0,3356,15.405777166437415
13.0,2008,1,3539,5.452920143027414
13.0,2008,2,3201,-9.550720542526138
13.0,2008,3,3109,-2.874101843174008
13.0,2009,0,3746,20.488903184303634
13.0,2009,1,3738,-0.21356113187399892
13.0,2009,2,3462,-7.3836276083467105
13.0,2009,3,3168,-8.492201039861353
13.0,2010,0,3432,8.333333333333332
13.0,2010,1,3541,3.175990675990676
13.0,2010,2,3113,-12.086981078791302
13.0,2010,3,2697,-13.363315130099581
13.0,2011,0,2802,3.8932146829810903
13.0,2011,1,3112,11.063526052819414
13.0,2011,2,2926,-5.976863753213368
13.0,2011,3,2610,-10.799726589200272
13.0,2012,0,3006,15.172413793103448
13.0,2012,1,2784,-7.385229540918163
13.0,2012,2,2744,-1.4367816091954022
13.0,2012,3,2194,-20.043731778425656
13.0,2013,0,2742,24.97721057429353
13.0,2013,1,2997,9.299781181619256
13.0,2013,2,2759,-7.941274607941275
13.0,2013,3,2470,-10.47480971366437
13.0,2014,0,2673,8.218623481781377
13.0,2014,1,3179,18.930041152263374
13.0,2014,2,3045,-4.215162000629129
13.0,2014,3,2289,-24.82758620689655
13.0,2015,0,2313,1.0484927916120577
13.0,2015,1,2793,20.752269779507134
13.0,2015,2,2449,-12.316505549588257
13.0,2015,3,2153,-12.08656594528379
13.0,2016,0,2120,-1.5327450069670228
13.0,2016,1,2200,3.7735849056603774
13.0,2016,2,1986,-9.727272727272727
13.0,2016,3,2003,0.8559919436052367
13.0,2017,0,1934,-3.4448327508736893
13.0,2017,1,2037,5.325749741468459
13.0,2017,2,1878,-7.80559646539028
13.0,2017,3,1719,-8.466453674121405
13.0,2018,0,1776,3.315881326352531
13.0,2018,1,1894,6.6441441441441444
13.0,2018,2,1902,0.42238648363252373
13.0,2018,3,1483,-22.02944269190326
13.0,2019,0,1684,13.553607552258933
13.0,2019,1,1540,-8.551068883610451
13.0,2019,2,1652,7.2727272727272725
13.0,2019,3,1437,-13.01452784503632
13.0,2020,0,1285,-10.57759220598469
13.0,2020,1,971,-24.43579766536965
13.0,2020,2,937,-3.5015447991761075
13.0,2020,3,1047,11.739594450373533
13.0,2021,0,1095,4.584527220630372
13.0,2021,1,1032,-5.7534246575342465
13.0,2021,2,1083,4.941860465116279
13.0,2021,3,1114,2.862419205909511
13.0,2022,0,1193,7.091561938958707
13.0,2022,1,1392,16.680637049455154
13.0,2022,2,1283,-7.830459770114942
13.0,2022,3,1263,-1.558846453624318
13.0,2023,0,1504,19.08155186064925
13.0,2023,1,1659,10.305851063829788
14.0,2006,0,2753,
14.0,2006,1,2835,2.9785688339992737
14.0,2006,2,2628,-7.301587301587302
14.0,2006,3,2390,-9.056316590563165
14.0,2007,0,2672,11.799163179916318
14.0,2007,1,2835,6.100299401197605
14.0,2007,2,2595,-8.465608465608465
14.0,2007,3,2587,-0.3082851637764933
14.0,2008,0,3307,27.831465017394663
14.0,2008,1,2678,-19.020260054429997
14.0,2008,2,2733,2.0537714712471993
14.0,2008,3,2774,1.500182949140139
14.0,2009,0,3379,21.80966113914924
14.0,2009,1,3272,-3.166617342408997
14.0,2009,2,2964,-9.41320293398533
14.0,2009,3,2889,-2.5303643724696356
14.0,2010,0,3286,13.74177916233991
14.0,2010,1,3489,6.17772367620207
14.0,2010,2,3321,-4.815133276010318
14.0,2010,3,3128,-5.811502559470039
14.0,2011,0,3335,6.61764705882353
14.0,2011,1,3548,6.38680659670165
14.0,2011,2,3168,-10.710259301014656
14.0,2011,3,3034,-4.22979797979798
14.0,2012,0,3542,16.743572841133815
14.0,2012,1,3192,-9.881422924901186
14.0,2012,2,3437,7.675438596491229
14.0,2012,3,2734,-20.453884201338376
14.0,2013,0,3336,22.019019751280176
14.0,2013,1,3568,6.954436450839328
14.0,2013,2,3592,0.672645739910314
14.0,2013,3,3458,-3.7305122494432075
14.0,2014,0,3749,8.415268941584731
14.0,2014,1,3586,-4.3478260869565215
14.0,2014,2,3680,2.6213050752928053
14.0,2014,3,2864,-22.17391304347826
14.0,2015,0,3224,12.569832402234638
14.0,2015,1,3136,-2.729528535980149
14.0,2015,2,3083,-1.6900510204081634
14.0,2015,3,2917,-5.384365877392151
14.0,2016,0,2975,1.988344189235516
14.0,2016,1,2685,-9.747899159663866
14.0,2016,2,2272,-15.381750465549349
14.0,2016,3,2045,-9.991197183098592
14.0,2017,0,2280,11.491442542787286
14.0,2017,1,2120,-7.017543859649122
14.0,2017,2,1964,-7.3584905660377355
14.0,2017,3,1988,1.2219959266802443
14.0,2018,0,1916,-3.6217303822937628
14.0,2018,1,1765,-7.881002087682671
14.0,2018,2,1719,-2.6062322946175636
14.0,2018,3,1636,-4.828388598022106
14.0,2019,0,1855,13.386308068459657
14.0,2019,1,1803,-2.803234501347709
14.0,2019,2,1692,-6.156405990016639
14.0,2019,3,1393,-17.671394799054376
14.0,2020,0,1405,0.8614501076812634
14.0,2020,1,938,-33.23843416370107
14.0,2020,2,935,-0.31982942430703626
14.0,2020,3,1118,19.572192513368982
14.0,2021,0,1239,10.822898032200358
14.0,2021,1,1063,-14.205004035512511
14.0,2021,2,1282,20.602069614299154
14.0,2021,3,1132,-11.700468018720748
14.0,2022,0,1245,9.982332155477032
14.0,2022,1,1488,19.518072289156628
14.0,2022,2,1608,8.064516129032258
14.0,2022,3,1794,11.567164179104477
14.0,2023,0,2128,18.61761426978818
14.0,2023,1,2480,16.541353383458645
15.0,2006,0,1913,
15.0,2006,1,2056,7.4751698902247785
15.0,2006,2,1953,-5.009727626459144
15.0,2006,3,2093,7.168458781362006
15.0,2007,0,2370,13.234591495461059
15.0,2007,1,2318,-2.1940928270042197
15.0,2007,2,2110,-8.973252804141502
15.0,2007,3,2089,-0.9952606635071091
15.0,2008,0,2249,7.659167065581618
15.0,2008,1,2253,0.17785682525566918
15.0,2008,2,2209,-1.9529516200621395
15.0,2008,3,2131,-3.531009506564056
15.0,2009,0,2227,4.504927264195214
15.0,2009,1,2423,8.801077682981589
15.0,2009,2,2109,-12.959141560049526
15.0,2009,3,2016,-4.409672830725462
15.0,2010,0,2241,11.160714285714286
15.0,2010,1,2406,7.362784471218206
15.0,2010,2,2250,-6.483790523690773
15.0,2010,3,2129,-5.377777777777778
15.0,2011,0,2223,4.415218412400188
15.0,2011,1,2139,-3.7786774628879893
15.0,2011,2,1848,-13.604488078541374
15.0,2011,3,1819,-1.5692640692640691
15.0,2012,0,2276,25.123694337548102
15.0,2012,1,2207,-3.031634446397188
15.0,2012,2,2269,2.8092433167195288
15.0,2012,3,1913,-15.689731159100925
15.0,2013,0,2399,25.405122843700994
15.0,2013,1,2421,0.9170487703209671
15.0,2013,2,2341,-3.3044196612969845
15.0,2013,3,2400,2.520290474156343
15.0,2014,0,2225,-7.291666666666667
15.0,2014,1,2175,-2.247191011235955
15.0,2014,2,2029,-6.712643678160919
15.0,2014,3,1916,-5.569245933957615
15.0,2015,0,1769,-7.67223382045929
15.0,2015,1,1927,8.93159977388355
15.0,2015,2,1995,3.5288012454592628
15.0,2015,3,1818,-8.87218045112782
15.0,2016,0,1994,9.68096809680968
15.0,2016,1,1992,-0.10030090270812438
15.0,2016,2,1856,-6.827309236947792
15.0,2016,3,1952,5.172413793103448
15.0,2017,0,1947,-0.25614754098360654
15.0,2017,1,1851,-4.930662557781202
15.0,2017,2,1726,-6.75310642895732
15.0,2017,3,1663,-3.650057937427578
15.0,2018,0,1719,3.367408298256164
15.0,2018,1,1641,-4.537521815008725
15.0,2018,2,1519,-7.434491163924436
15.0,2018,3,1476,-2.8308097432521393
15.0,2019,0,1318,-10.70460704607046
15.0,2019,1,1498,13.657056145675265
15.0,2019,2,1291,-13.818424566088117
15.0,2019,3,1270,-1.6266460108443066
15.0,2020,0,1194,-5.984251968503937
15.0,2020,1,894,-25.125628140703515
15.0,2020,2,866,-3.131991051454139
15.0,2020,3,998,15.242494226327944
15.0,2021,0,1093,9.519038076152304
15.0,2021,1,1019,-6.77035681610247
15.0,2021,2,1266,24.23945044160942
15.0,2021,3,1194,-5.687203791469194
15.0,2022,0,1213,1.5912897822445562
15.0,2022,1,1359,12.036273701566365
15.0,2022,2,1242,-8.609271523178808
15.0,2022,3,1307,5.233494363929147
15.0,2023,0,1414,8.186687069625096
15.0,2023,1,1389,-1.768033946251768
16.0,2006,0,2132,
16.0,2006,1,1936,-9.193245778611631
16.0,2006,2,1596,-17.56198347107438
16.0,2006,3,1760,10.275689223057643
16.0,2007,0,1982,12.613636363636363
16.0,2007,1,1725,-12.96670030272452
16.0,2007,2,1696,-1.6811594202898552
16.0,2007,3,1599,-5.71933962264151
16.0,2008,0,1725,7.879924953095685
16.0,2008,1,1685,-2.318840579710145
16.0,2008,2,1746,3.620178041543027
16.0,2008,3,1838,5.2691867124856815
16.0,2009,0,2093,13.873775843307943
16.0,2009,1,1910,-8.743430482560917
16.0,2009,2,1660,-13.089005235602095
16.0,2009,3,1629,-1.8674698795180724
16.0,2010,0,1773,8.83977900552486
16.0,2010,1,1816,2.4252679075014103
16.0,2010,2,1668,-8.149779735682818
16.0,2010,3,1721,3.1774580335731413
16.0,2011,0,2023,17.54793724578733
16.0,2011,1,1968,-2.718734552644587
16.0,2011,2,1537,-21.90040650406504
16.0,2011,3,1740,13.20754716981132
16.0,2012,0,1957,12.471264367816092
16.0,2012,1,1985,1.430761369443025
16.0,2012,2,1863,-6.146095717884131
16.0,2012,3,1648,-11.540526033279656
16.0,2013,0,1997,21.177184466019416
16.0,2013,1,1997,0.0
16.0,2013,2,1862,-6.760140210315472
16.0,2013,3,1842,-1.0741138560687433
16.0,2014,0,1782,-3.257328990228013
16.0,2014,1,2026,13.692480359147025
16.0,2014,2,1703,-15.94274432379072
16.0,2014,3,1602,-5.930710510863182
16.0,2015,0,1567,-2.184769038701623
16.0,2015,1,1599,2.0421186981493302
16.0,2015,2,1764,10.318949343339586
16.0,2015,3,1676,-4.988662131519274
16.0,2016,0,1556,-7.159904534606206
16.0,2016,1,1639,5.334190231362468
16.0,2016,2,1689,3.0506406345332517
16.0,2016,3,1642,-2.782711663706335
16.0,2017,0,1781,8.465286236297198
16.0,2017,1,1558,-12.521055586749016
16.0,2017,2,1428,-8.34403080872914
16.0,2017,3,1541,7.913165266106442
16.0,2018,0,1462,-5.126541207008436
16.0,2018,1,1430,-2.188782489740082
16.0,2018,2,1463,2.307692307692308
16.0,2018,3,1304,-10.868079289131922
16.0,2019,0,1305,0.07668711656441718
16.0,2019,1,1374,5.287356321839081
16.0,2019,2,1271,-7.496360989810771
16.0,2019,3,1101,-13.375295043273013
16.0,2020,0,1095,-0.544959128065395
16.0,2020,1,560,-48.858447488584474
16.0,2020,2,727,29.82142857142857
16.0,2020,3,851,17.05639614855571
16.0,2021,0,944,10.928319623971799
16.0,2021,1,787,-16.63135593220339
16.0,2021,2,975,23.88818297331639
16.0,2021,3,1099,12.717948717948719
16.0,2022,0,1162,5.7324840764331215
16.0,2022,1,1244,7.056798623063683
16.0,2022,2,1030,-17.20257234726688
16.0,2022,3,1285,24.75728155339806
16.0,2023,0,1496,16.420233463035018
16.0,2023,1,1349,-9.82620320855615
17.0,2006,0,1153,
17.0,2006,1,1053,-8.673026886383347
17.0,2006,2,974,-7.502374169040836
17.0,2006,3,906,-6.981519507186857
17.0,2007,0,1178,30.022075055187635
17.0,2007,1,1066,-9.507640067911714
17.0,2007,2,1025,-3.8461538461538463
17.0,2007,3,1015,-0.975609756097561
17.0,2008,0,1144,12.709359605911331
17.0,2008,1,1010,-11.713286713286713
17.0,2008,2,1078,6.732673267326733
17.0,2008,3,1056,-2.0408163265306123
17.0,2009,0,1118,5.871212121212121
17.0,2009,1,1177,5.277280858676208
17.0,2009,2,914,-22.344944774851317
17.0,2009,3,999,9.299781181619256
17.0,2010,0,1141,14.214214214214213
17.0,2010,1,1181,3.5056967572304996
17.0,2010,2,1022,-13.463166807790008
17.0,2010,3,924,-9.58904109589041
17.0,2011,0,1244,34.63203463203463
17.0,2011,1,1121,-9.887459807073954
17.0,2011,2,935,-16.592328278322928
17.0,2011,3,881,-5.775401069518717
17.0,2012,0,1114,26.4472190692395
17.0,2012,1,1090,-2.154398563734291
17.0,2012,2,1038,-4.770642201834862
17.0,2012,3,822,-20.809248554913296
17.0,2013,0,1016,23.600973236009732
17.0,2013,1,1072,5.511811023622047
17.0,2013,2,1013,-5.503731343283582
17.0,2013,3,1056,4.244817374136229
17.0,2014,0,1178,11.553030303030303
17.0,2014,1,1249,6.027164685908319
17.0,2014,2,1093,-12.489991993594876
17.0,2014,3,1103,0.9149130832570906
17.0,2015,0,989,-10.335448776065277
17.0,2015,1,1139,15.166835187057634
17.0,2015,2,1097,-3.6874451273046533
17.0,2015,3,1071,-2.3701002734731085
17.0,2016,0,1076,0.4668534080298786
17.0,2016,1,1032,-4.089219330855019
17.0,2016,2,1035,0.29069767441860467
17.0,2016,3,1073,3.6714975845410627
17.0,2017,0,1036,-3.4482758620689653
17.0,2017,1,1107,6.853281853281853
17.0,2017,2,1077,-2.710027100271003
17.0,2017,3,1005,-6.685236768802229
17.0,2018,0,961,-4.378109452736319
17.0,2018,1,783,-18.522372528616025
17.0,2018,2,778,-0.6385696040868455
17.0,2018,3,690,-11.311053984575835
17.0,2019,0,897,30.0
17.0,2019,1,856,-4.570791527313267
17.0,2019,2,659,-23.014018691588785
17.0,2019,3,657,-0.30349013657056145
17.0,2020,0,607,-7.610350076103501
17.0,2020,1,449,-26.02965403624382
17.0,2020,2,457,1.7817371937639197
17.0,2020,3,564,23.413566739606125
17.0,2021,0,670,18.79432624113475
17.0,2021,1,519,-22.53731343283582
17.0,2021,2,584,12.524084778420038
17.0,2021,3,637,9.075342465753424
17.0,2022,0,636,-0.15698587127158556
17.0,2022,1,710,11.635220125786164
17.0,2022,2,691,-2.676056338028169
17.0,2022,3,661,-4.341534008683068
17.0,2023,0,800,21.02874432677761
17.0,2023,1,925,15.625
18.0,2006,0,3634,
18.0,2006,1,3688,1.4859658778205835
18.0,2006,2,3513,-4.745119305856833
18.0,2006,3,3480,-0.9393680614859093
18.0,2007,0,4021,15.545977011494253
18.0,2007,1,3817,-5.073364834618254
18.0,2007,2,3640,-4.6371495939219285
18.0,2007,3,3577,-1.7307692307692308
18.0,2008,0,4047,13.139502376292983
18.0,2008,1,4383,8.302446256486286
18.0,2008,2,4055,-7.483458818161077
18.0,2008,3,3709,-8.532675709001234
18.0,2009,0,4298,15.880291183607442
18.0,2009,1,4239,-1.3727315030246627
18.0,2009,2,4141,-2.311866006133522
18.0,2009,3,3691,-10.866940352571843
18.0,2010,0,4195,13.654836087781089
18.0,2010,1,4313,2.8128724672228844
18.0,2010,2,3882,-9.993044284720613
18.0,2010,3,4151,6.9294178258629575
18.0,2011,0,4876,17.465670922669236
18.0,2011,1,4742,-2.7481542247744053
18.0,2011,2,4235,-10.691691269506537
18.0,2011,3,3844,-9.23258559622196
18.0,2012,0,4555,18.496357960457857
18.0,2012,1,4597,0.9220636663007684
18.0,2012,2,3951,-14.052643028061778
18.0,2012,3,3113,-21.20982029865857
18.0,2013,0,4020,29.135881786058466
18.0,2013,1,4068,1.1940298507462688
18.0,2013,2,3875,-4.744346116027532
18.0,2013,3,3315,-14.451612903225808
18.0,2014,0,3688,11.25188536953243
18.0,2014,1,3857,4.582429501084598
18.0,2014,2,3301,-14.415348716619134
18.0,2014,3,2627,-20.418055134807634
18.0,2015,0,2540,-3.311762466692044
18.0,2015,1,3100,22.04724409448819
18.0,2015,2,2984,-3.741935483870968
18.0,2015,3,2563,-14.108579088471851
18.0,2016,0,2776,8.310573546625049
18.0,2016,1,2660,-4.178674351585014
18.0,2016,2,2257,-15.150375939849624
18.0,2016,3,2234,-1.01905183872397
18.0,2017,0,2366,5.908683974932856
18.0,2017,1,2396,1.267962806424345
18.0,2017,2,2188,-8.681135225375627
18.0,2017,3,2081,-4.890310786106033
18.0,2018,0,2063,-0.8649687650168189
18.0,2018,1,1839,-10.857973824527388
18.0,2018,2,1811,-1.5225666122892878
18.0,2018,3,1604,-11.430149088901159
18.0,2019,0,1766,10.099750623441397
18.0,2019,1,1681,-4.813137032842582
18.0,2019,2,1670,-0.6543723973825104
18.0,2019,3,1444,-13.532934131736527
18.0,2020,0,1350,-6.509695290858726
18.0,2020,1,839,-37.851851851851855
18.0,2020,2,852,1.5494636471990464
18.0,2020,3,1089,27.816901408450708
18.0,2021,0,1243,14.14141414141414
18.0,2021,1,1038,-16.492357200321802
18.0,2021,2,1275,22.832369942196532
18.0,2021,3,1183,-7.215686274509804
18.0,2022,0,1251,5.748098055790363
18.0,2022,1,1461,16.786570743405278
18.0,2022,2,1421,-2.737850787132101
18.0,2022,3,1427,0.422237860661506
18.0,2023,0,1659,16.257883672039245
18.0,2023,1,1740,4.882459312839059
19.0,2006,0,3869,
19.0,2006,1,4184,8.141638666322047
19.0,2006,2,4012,-4.1108986615678775
19.0,2006,3,3939,-1.8195413758723826
19.0,2007,0,4128,4.798172124904799
19.0,2007,1,4057,-1.7199612403100775
19.0,2007,2,4578,12.842001478925313
19.0,2007,3,4070,-11.09654871122761
19.0,2008,0,4368,7.321867321867321
19.0,2008,1,4260,-2.4725274725274726
19.0,2008,2,4106,-3.615023474178404
19.0,2008,3,4019,-2.1188504627374574
19.0,2009,0,4729,17.666086091067427
19.0,2009,1,4920,4.038908860224149
19.0,2009,2,4692,-4.634146341463414
19.0,2009,3,4387,-6.500426257459506
19.0,2010,0,4689,6.8839753818098925
19.0,2010,1,5113,9.042439752612497
19.0,2010,2,4791,-6.297672599256797
19.0,2010,3,4196,-12.419119181799207
19.0,2011,0,4918,17.206863679694948
19.0,2011,1,5044,2.5620170801138675
19.0,2011,2,5286,4.797779540047582
19.0,2011,3,4468,-15.474839197881195
19.0,2012,0,5400,20.859444941808416
19.0,2012,1,5079,-5.944444444444445
19.0,2012,2,5340,5.138806851742469
19.0,2012,3,4019,-24.737827715355806
19.0,2013,0,4788,19.13411296342374
19.0,2013,1,4994,4.302422723475355
19.0,2013,2,4516,-9.571485782939527
19.0,2013,3,4184,-7.351638618246235
19.0,2014,0,4519,8.006692160611854
19.0,2014,1,4829,6.859924762115513
19.0,2014,2,5354,10.871816110996066
19.0,2014,3,3812,-28.8008965259619
19.0,2015,0,3708,-2.728226652675761
19.0,2015,1,4259,14.859762675296656
19.0,2015,2,4369,2.582765907490021
19.0,2015,3,3503,-19.821469443808652
19.0,2016,0,3612,3.111618612617756
19.0,2016,1,3759,4.069767441860465
19.0,2016,2,3499,-6.9167331737164135
19.0,2016,3,3220,-7.973706773363818
19.0,2017,0,3106,-3.540372670807453
19.0,2017,1,3101,-0.16097875080489374
19.0,2017,2,2940,-5.191873589164786
19.0,2017,3,2763,-6.020408163265306
19.0,2018,0,2665,-3.5468693449149478
19.0,2018,1,2696,1.1632270168855536
19.0,2018,2,2409,-10.645400593471809
19.0,2018,3,2061,-14.44582814445828
19.0,2019,0,2211,7.278020378457059
19.0,2019,1,2201,-0.45228403437358666
19.0,2019,2,2249,2.1808268968650615
19.0,2019,3,1823,-18.94175188972877
19.0,2020,0,1791,-1.755348326933626
19.0,2020,1,1086,-39.36348408710218
19.0,2020,2,1187,9.300184162062616
19.0,2020,3,1522,28.22240943555181
19.0,2021,0,1636,7.490144546649145
19.0,2021,1,1463,-10.574572127139364
19.0,2021,2,1632,11.551606288448394
19.0,2021,3,1579,-3.2475490196078436
19.0,2022,0,1796,13.742875237492083
19.0,2022,1,2192,22.048997772828507
19.0,2022,2,1979,-9.717153284671532
19.0,2022,3,2117,6.97321879737241
19.0,2023,0,2501,18.138875767595657
19.0,2023,1,2543,1.6793282686925233
20.0,2006,0,3521,
20.0,2006,1,3763,6.87304742970747
20.0,2006,2,3786,0.6112144565506245
20.0,2006,3,3338,-11.833069202324353
20.0,2007,0,4001,19.862192929898143
20.0,2007,1,3989,-0.29992501874531363
20.0,2007,2,3886,-2.582100777137127
20.0,2007,3,3498,-9.984559958826557
20.0,2008,0,4142,18.41052029731275
20.0,2008,1,3636,-12.216320618058909
20.0,2008,2,3411,-6.188118811881188
20.0,2008,3,3257,-4.514805042509528
20.0,2009,0,3967,21.799201719373656
20.0,2009,1,3841,-3.176203680362995
20.0,2009,2,4087,6.404582140067691
20.0,2009,3,3729,-8.75948128211402
20.0,2010,0,4285,14.910163582729954
20.0,2010,1,4450,3.8506417736289387
20.0,2010,2,4143,-6.898876404494382
20.0,2010,3,3909,-5.6480811006517015
20.0,2011,0,4050,3.6070606293169614
20.0,2011,1,4147,2.3950617283950617
20.0,2011,2,4034,-2.7248613455510005
20.0,2011,3,3780,-6.296479920674268
20.0,2012,0,4148,9.735449735449736
20.0,2012,1,3733,-10.004821600771455
20.0,2012,2,3677,-1.5001339405304044
20.0,2012,3,2827,-23.116671199347294
20.0,2013,0,3394,20.056597099398658
20.0,2013,1,3667,8.043606364172067
20.0,2013,2,3781,3.1088082901554404
20.0,2013,3,3608,-4.575509124570219
20.0,2014,0,3779,4.739467849223947
20.0,2014,1,3890,2.9372849960306957
20.0,2014,2,4041,3.8817480719794344
20.0,2014,3,2841,-29.695619896065327
20.0,2015,0,3018,6.2302006335797255
20.0,2015,1,3003,-0.4970178926441352
20.0,2015,2,3174,5.694305694305695
20.0,2015,3,2768,-12.791430371770637
20.0,2016,0,2895,4.588150289017341
20.0,2016,1,2714,-6.252158894645941
20.0,2016,2,2535,-6.595431098010317
20.0,2016,3,2851,12.465483234714005
20.0,2017,0,2839,-0.4209049456331112
20.0,2017,1,2572,-9.404719971821065
20.0,2017,2,2478,-3.654743390357698
20.0,2017,3,2534,2.2598870056497176
20.0,2018,0,2623,3.51223362273086
20.0,2018,1,2187,-16.622188333968737
20.0,2018,2,2178,-0.411522633744856
20.0,2018,3,2019,-7.300275482093664
20.0,2019,0,1942,-3.8137691926696387
20.0,2019,1,1933,-0.46343975283213185
20.0,2019,2,1824,-5.638903259182618
20.0,2019,3,1604,-12.06140350877193
20.0,2020,0,1514,-5.610972568578553
20.0,2020,1,988,-34.74240422721268
20.0,2020,2,935,-5.364372469635628
20.0,2020,3,1110,18.71657754010695
20.0,2021,0,1302,17.2972972972973
20.0,2021,1,1164,-10.599078341013826
20.0,2021,2,1233,5.927835051546391
20.0,2021,3,1222,-0.8921330089213302
20.0,2022,0,1296,6.055646481178396
20.0,2022,1,1409,8.719135802469136
20.0,2022,2,1334,-5.322924059616749
20.0,2022,3,1412,5.847076461769116
20.0,2023,0,1595,12.960339943342778
20.0,2023,1,1765,10.658307210031348
21.0,2006,0,2429,
21.0,2006,1,2396,-1.3585837793330588
21.0,2006,2,2264,-5.509181969949917
21.0,2006,3,2226,-1.678445229681979
21.0,2007,0,2593,16.486972147349505
21.0,2007,1,2451,-5.476282298495951
21.0,2007,2,2711,10.607915136678907
21.0,2007,3,2549,-5.975654739948358
21.0,2008,0,2577,1.0984699882306788
21.0,2008,1,2417,-6.208769887466046
21.0,2008,2,2408,-0.3723624327678941
21.0,2008,3,2137,-11.254152823920267
21.0,2009,0,2483,16.190921853065042
21.0,2009,1,2477,-0.24164317358034634
21.0,2009,2,2483,0.24222850222042794
21.0,2009,3,2238,-9.867096254530809
21.0,2010,0,2322,3.753351206434316
21.0,2010,1,2642,13.781223083548666
21.0,2010,2,2504,-5.223315669947009
21.0,2010,3,2245,-10.343450479233226
21.0,2011,0,2307,2.761692650334076
21.0,2011,1,2575,11.616818378846988
21.0,2011,2,2411,-6.368932038834951
21.0,2011,3,2082,-13.645790128577353
21.0,2012,0,2523,21.181556195965417
21.0,2012,1,2356,-6.619104240982956
21.0,2012,2,2464,4.584040747028863
21.0,2012,3,1989,-19.2775974025974
21.0,2013,0,2239,12.56913021618904
21.0,2013,1,2338,4.421616793211255
21.0,2013,2,2390,2.2241231822070144
21.0,2013,3,2318,-3.01255230125523
21.0,2014,0,2346,1.2079378774805867
21.0,2014,1,2596,10.656436487638533
21.0,2014,2,2503,-3.582434514637904
21.0,2014,3,2121,-15.261685976827808
21.0,2015,0,1976,-6.836397925506836
21.0,2015,1,2489,25.961538461538463
21.0,2015,2,2226,-10.566492567296102
21.0,2015,3,2046,-8.086253369272237
21.0,2016,0,2234,9.188660801564028
21.0,2016,1,2060,-7.788719785138765
21.0,2016,2,1910,-7.281553398058252
21.0,2016,3,1853,-2.984293193717278
21.0,2017,0,1972,6.422018348623854
21.0,2017,1,1864,-5.476673427991886
21.0,2017,2,1747,-6.276824034334765
21.0,2017,3,1883,7.784773898111047
21.0,2018,0,2050,8.8688263409453
21.0,2018,1,1713,-16.439024390243905
21.0,2018,2,1627,-5.020431990659661
21.0,2018,3,1525,-6.2692071296865395
21.0,2019,0,1619,6.163934426229508
21.0,2019,1,1528,-5.620753551575047
21.0,2019,2,1390,-9.031413612565444
21.0,2019,3,1237,-11.007194244604317
21.0,2020,0,1166,-5.739692805173808
21.0,2020,1,789,-32.3327615780446
21.0,2020,2,820,3.929024081115336
21.0,2020,3,1147,39.87804878048781
21.0,2021,0,1072,-6.538796861377507
21.0,2021,1,1016,-5.223880597014925
21.0,2021,2,1084,6.692913385826772
21.0,2021,3,1057,-2.4907749077490773
21.0,2022,0,1195,13.055818353831599
21.0,2022,1,1275,6.694560669456067
21.0,2022,2,1313,2.980392156862745
21.0,2022,3,1355,3.198781416603199
21.0,2023,0,1515,11.808118081180812
21.0,2023,1,1512,-0.19801980198019803
22.0,2006,0,1162,
22.0,2006,1,1179,1.4629948364888123
22.0,2006,2,1192,1.102629346904156
22.0,2006,3,1186,-0.5033557046979865
22.0,2007,0,1298,9.443507588532883
22.0,2007,1,1365,5.1617873651771955
22.0,2007,2,1250,-8.424908424908425
22.0,2007,3,1103,-11.76
22.0,2008,0,1227,11.242067089755214
22.0,2008,1,1250,1.8744906275468622
22.0,2008,2,1157,-7.4399999999999995
22.0,2008,3,1083,-6.395851339671564
22.0,2009,0,1290,19.113573407202217
22.0,2009,1,1214,-5.891472868217054
22.0,2009,2,1039,-14.41515650741351
22.0,2009,3,1106,6.4485081809432145
22.0,2010,0,1114,0.7233273056057866
22.0,2010,1,1182,6.104129263913824
22.0,2010,2,1038,-12.18274111675127
22.0,2010,3,1122,8.092485549132949
22.0,2011,0,1154,2.8520499108734403
22.0,2011,1,1066,-7.625649913344887
22.0,2011,2,1027,-3.6585365853658534
22.0,2011,3,1222,18.9873417721519
22.0,2012,0,1173,-4.009819967266775
22.0,2012,1,1319,12.446717817561808
22.0,2012,2,1122,-14.935557240333585
22.0,2012,3,987,-12.032085561497325
22.0,2013,0,1345,36.271529888551164
22.0,2013,1,1281,-4.758364312267658
22.0,2013,2,1150,-10.226385636221702
22.0,2013,3,1093,-4.956521739130435
22.0,2014,0,1212,10.887465690759377
22.0,2014,1,1280,5.6105610561056105
22.0,2014,2,1301,1.640625
22.0,2014,3,1125,-13.528055342044581
22.0,2015,0,1093,-2.8444444444444446
22.0,2015,1,1242,13.632204940530649
22.0,2015,2,1153,-7.1658615136876005
22.0,2015,3,1122,-2.6886383347788376
22.0,2016,0,1154,2.8520499108734403
22.0,2016,1,1137,-1.4731369150779896
22.0,2016,2,1065,-6.33245382585752
22.0,2016,3,1051,-1.3145539906103285
22.0,2017,0,1091,3.8058991436726926
22.0,2017,1,1082,-0.8249312557286892
22.0,2017,2,928,-14.232902033271719
22.0,2017,3,1047,12.823275862068966
22.0,2018,0,1016,-2.9608404966571156
22.0,2018,1,948,-6.692913385826772
22.0,2018,2,863,-8.966244725738397
22.0,2018,3,860,-0.34762456546929316
22.0,2019,0,955,11.046511627906977
22.0,2019,1,926,-3.0366492146596857
22.0,2019,2,903,-2.4838012958963285
22.0,2019,3,759,-15.946843853820598
22.0,2020,0,742,-2.2397891963109355
22.0,2020,1,496,-33.153638814016176
22.0,2020,2,591,19.153225806451612
22.0,2020,3,660,11.6751269035533
22.0,2021,0,669,1.3636363636363635
22.0,2021,1,655,-2.092675635276532
22.0,2021,2,706,7.786259541984733
22.0,2021,3,714,1.13314447592068
22.0,2022,0,858,20.168067226890756
22.0,2022,1,811,-5.477855477855478
22.0,2022,2,752,-7.274969173859433
22.0,2022,3,777,3.324468085106383
22.0,2023,0,879,13.127413127413126
22.0,2023,1,905,2.9579067121729237
23.0,2006,0,3041,
23.0,2006,1,3512,15.488326208484052
23.0,2006,2,3438,-2.1070615034168565
23.0,2006,3,3245,-5.613728912158232
23.0,2007,0,3514,8.289676425269645
23.0,2007,1,3620,3.016505406943654
23.0,2007,2,3557,-1.7403314917127073
23.0,2007,3,3267,-8.152937868990723
23.0,2008,0,3690,12.947658402203857
23.0,2008,1,4070,10.29810298102981
23.0,2008,2,3961,-2.678132678132678
23.0,2008,3,3582,-9.568290835647563
23.0,2009,0,3892,8.654383026242323
23.0,2009,1,3804,-2.2610483042137717
23.0,2009,2,3926,3.207150368033649
23.0,2009,3,3415,-13.015792154865002
23.0,2010,0,3594,5.241581259150805
23.0,2010,1,3934,9.460211463550362
23.0,2010,2,3841,-2.364006100660905
23.0,2010,3,3392,-11.689664149960947
23.0,2011,0,3462,2.063679245283019
23.0,2011,1,3885,12.218370883882148
23.0,2011,2,3371,-13.23037323037323
23.0,2011,3,3203,-4.983684366656779
23.0,2012,0,3695,15.360599438026851
23.0,2012,1,3568,-3.437077131258457
23.0,2012,2,3458,-3.0829596412556053
23.0,2012,3,2304,-33.371891266628104
23.0,2013,0,2885,25.21701388888889
23.0,2013,1,3463,20.034662045060657
23.0,2013,2,3462,-0.028876696505919723
23.0,2013,3,3024,-12.65164644714038
23.0,2014,0,3625,19.874338624338623
23.0,2014,1,3852,6.262068965517241
23.0,2014,2,3482,-9.60539979231568
23.0,2014,3,2812,-19.241815048822517
23.0,2015,0,2860,1.7069701280227598
23.0,2015,1,3216,12.447552447552447
23.0,2015,2,3580,11.318407960199005
23.0,2015,3,2928,-18.212290502793298
23.0,2016,0,3314,13.183060109289618
23.0,2016,1,3404,2.715751357875679
23.0,2016,2,3430,0.763807285546416
23.0,2016,3,2982,-13.061224489795919
23.0,2017,0,2956,-0.8718980549966466
23.0,2017,1,3240,9.607577807848443
23.0,2017,2,3165,-2.314814814814815
23.0,2017,3,2600,-17.851500789889414
23.0,2018,0,2749,5.730769230769231
23.0,2018,1,2880,4.76536922517279
23.0,2018,2,3004,4.305555555555555
23.0,2018,3,2450,-18.442077230359523
23.0,2019,0,2522,2.9387755102040813
23.0,2019,1,2463,-2.3394131641554323
23.0,2019,2,2475,0.48721071863580995
23.0,2019,3,1983,-19.87878787878788
23.0,2020,0,2091,5.446293494704992
23.0,2020,1,1310,-37.350549976088
23.0,2020,2,1340,2.2900763358778624
23.0,2020,3,1785,33.2089552238806
23.0,2021,0,1835,2.801120448179272
23.0,2021,1,1774,-3.32425068119891
23.0,2021,2,1952,10.033821871476889
23.0,2021,3,1844,-5.532786885245901
23.0,2022,0,1988,7.809110629067245
23.0,2022,1,2270,14.185110663983904
23.0,2022,2,2215,-2.4229074889867843
23.0,2022,3,2053,-7.313769751693003
23.0,2023,0,2386,16.220165611300537
23.0,2023,1,2768,16.01005867560771
24.0,2006,0,1151,
24.0,2006,1,1279,11.120764552562989
24.0,2006,2,1216,-4.925723221266614
24.0,2006,3,1168,-3.9473684210526314
24.0,2007,0,1178,0.8561643835616438
24.0,2007,1,1148,-2.5466893039049237
24.0,2007,2,1130,-1.5679442508710801
24.0,2007,3,1178,4.2477876106194685
24.0,2008,0,1341,13.837011884550085
24.0,2008,1,1579,17.747949291573452
24.0,2008,2,1313,-16.846105129829006
24.0,2008,3,1448,10.281797410510283
24.0,2009,0,1352,-6.629834254143646
24.0,2009,1,1335,-1.257396449704142
24.0,2009,2,1263,-5.393258426966292
24.0,2009,3,1351,6.967537608867776
24.0,2010,0,1325,-1.924500370096225
24.0,2010,1,1481,11.773584905660377
24.0,2010,2,1451,-2.025658338960162
24.0,2010,3,1379,-4.962095106822881
24.0,2011,0,1411,2.320522117476432
24.0,2011,1,1538,9.000708717221828
24.0,2011,2,1378,-10.403120936280883
24.0,2011,3,1315,-4.571843251088534
24.0,2012,0,1450,10.26615969581749
24.0,2012,1,1241,-14.413793103448274
24.0,2012,2,1293,4.19016921837228
24.0,2012,3,1148,-11.214230471771074
24.0,2013,0,1269,10.54006968641115
24.0,2013,1,1193,-5.988967691095351
24.0,2013,2,1344,12.657166806370496
24.0,2013,3,1289,-4.092261904761905
24.0,2014,0,1258,-2.404965089216447
24.0,2014,1,1360,8.108108108108109
24.0,2014,2,1215,-10.661764705882353
24.0,2014,3,1097,-9.7119341563786
24.0,2015,0,1055,-3.828623518687329
24.0,2015,1,1047,-0.7582938388625593
24.0,2015,2,1064,1.6236867239732569
24.0,2015,3,1023,-3.8533834586466162
24.0,2016,0,1097,7.233626588465299
24.0,2016,1,1179,7.474931631722881
24.0,2016,2,1110,-5.852417302798982
24.0,2016,3,1093,-1.5315315315315314
24.0,2017,0,1071,-2.012808783165599
24.0,2017,1,1084,1.2138188608776845
24.0,2017,2,1066,-1.6605166051660518
24.0,2017,3,962,-9.75609756097561
24.0,2018,0,960,-0.2079002079002079
24.0,2018,1,976,1.6666666666666667
24.0,2018,2,874,-10.450819672131148
24.0,2018,3,927,6.064073226544623
24.0,2019,0,906,-2.26537216828479
24.0,2019,1,851,-6.070640176600441
24.0,2019,2,785,-7.7555816686251475
24.0,2019,3,636,-18.980891719745223
24.0,2020,0,654,2.8301886792452833
24.0,2020,1,495,-24.31192660550459
24.0,2020,2,436,-11.91919191919192
24.0,2020,3,570,30.73394495412844
24.0,2021,0,644,12.982456140350877
24.0,2021,1,564,-12.422360248447205
24.0,2021,2,609,7.9787234042553195
24.0,2021,3,607,-0.3284072249589491
24.0,2022,0,670,10.378912685337728
24.0,2022,1,750,11.940298507462686
24.0,2022,2,647,-13.733333333333334
24.0,2022,3,768,18.701700154559507
24.0,2023,0,819,6.640625
24.0,2023,1,802,-2.0757020757020754
25.0,2006,0,5262,
25.0,2006,1,5160,-1.9384264538198404
25.0,2006,2,5310,2.9069767441860463
25.0,2006,3,5257,-0.9981167608286252
25.0,2007,0,5956,13.29655697165684
25.0,2007,1,6111,2.602417730020148
25.0,2007,2,6836,11.863852070037636
25.0,2007,3,5757,-15.784084259801054
25.0,2008,0,6425,11.603265589716868
25.0,2008,1,5592,-12.964980544747082
25.0,2008,2,5830,4.256080114449213
25.0,2008,3,5696,-2.2984562607204118
25.0,2009,0,6925,21.576544943820224
25.0,2009,1,6844,-1.1696750902527075
25.0,2009,2,6985,2.0601987142022207
25.0,2009,3,6240,-10.66571224051539
25.0,2010,0,6657,6.6826923076923075
25.0,2010,1,7243,8.802764007811327
25.0,2010,2,6666,-7.966312301532515
25.0,2010,3,6080,-8.790879087908792
25.0,2011,0,6419,5.5756578947368425
25.0,2011,1,7097,10.562392896089733
25.0,2011,2,6990,-1.5076793011131464
25.0,2011,3,6001,-14.148783977110158
25.0,2012,0,7073,17.863689385102482
25.0,2012,1,6802,-3.8314717941467555
25.0,2012,2,6705,-1.4260511614231108
25.0,2012,3,5518,-17.703206562266967
25.0,2013,0,6383,15.6759695541863
25.0,2013,1,6488,1.6449945166849445
25.0,2013,2,6199,-4.454377311960543
25.0,2013,3,5467,-11.80835618648169
25.0,2014,0,5584,2.1401134077190416
25.0,2014,1,6230,11.568767908309455
25.0,2014,2,6155,-1.2038523274478332
25.0,2014,3,4342,-29.455727051177906
25.0,2015,0,4685,7.899585444495624
25.0,2015,1,4963,5.9338313767342585
25.0,2015,2,4931,-0.6447713076768083
25.0,2015,3,4097,-16.913404988846075
25.0,2016,0,4752,15.987307786185012
25.0,2016,1,4314,-9.217171717171716
25.0,2016,2,4428,2.642559109874826
25.0,2016,3,3779,-14.65672990063234
25.0,2017,0,3701,-2.0640381053188674
25.0,2017,1,3557,-3.890840313428803
25.0,2017,2,3595,1.0683159966263704
25.0,2017,3,3281,-8.734353268428373
25.0,2018,0,3294,0.3962206644315757
25.0,2018,1,3330,1.092896174863388
25.0,2018,2,2881,-13.483483483483482
25.0,2018,3,2488,-13.641096841374523
25.0,2019,0,2665,7.114147909967845
25.0,2019,1,2585,-3.0018761726078798
25.0,2019,2,2497,-3.404255319148936
25.0,2019,3,2130,-14.697637164597516
25.0,2020,0,2186,2.629107981220657
25.0,2020,1,1642,-24.885635864592864
25.0,2020,2,1427,-13.093788063337394
25.0,2020,3,1874,31.32445690259285
25.0,2021,0,1877,0.16008537886872998
25.0,2021,1,1530,-18.486947256259988
25.0,2021,2,1818,18.823529411764707
25.0,2021,3,1836,0.9900990099009901
25.0,2022,0,2238,21.895424836601308
25.0,2022,1,2575,15.058087578194817
25.0,2022,2,2257,-12.349514563106796
25.0,2022,3,2410,6.778910057598582
25.0,2023,0,2926,21.410788381742737
25.0,2023,1,2902,-0.8202323991797676
26.0,2006,0,3476,
26.0,2006,1,3160,-9.090909090909092
26.0,2006,2,3246,2.721518987341772
26.0,2006,3,3283,1.1398644485520641
26.0,2007,0,3665,11.6356990557417
26.0,2007,1,3368,-8.10368349249659
26.0,2007,2,3128,-7.1258907363420425
26.0,2007,3,3057,-2.2698209718670075
26.0,2008,0,3381,10.598626104023552
26.0,2008,1,3313,-2.0112392783200237
26.0,2008,2,3191,-3.68246302444914
26.0,2008,3,3228,1.1595111250391725
26.0,2009,0,3475,7.651796778190831
26.0,2009,1,3599,3.5683453237410077
26.0,2009,2,3132,-12.97582661850514
26.0,2009,3,3271,4.438058748403576
26.0,2010,0,3559,8.804646896973404
26.0,2010,1,3469,-2.528800224782242
26.0,2010,2,3269,-5.765350245027386
26.0,2010,3,3500,7.066381156316917
26.0,2011,0,3725,6.428571428571428
26.0,2011,1,3565,-4.295302013422819
26.0,2011,2,3134,-12.08976157082749
26.0,2011,3,3030,-3.318442884492661
26.0,2012,0,3532,16.567656765676567
26.0,2012,1,3536,0.11325028312570783
26.0,2012,2,3221,-8.908371040723981
26.0,2012,3,2696,-16.299285936044708
26.0,2013,0,3178,17.878338278931754
26.0,2013,1,3331,4.814348646947765
26.0,2013,2,2951,-11.40798558991294
26.0,2013,3,2935,-0.5421890884445951
26.0,2014,0,3341,13.833049403747872
26.0,2014,1,3358,0.5088296917090691
26.0,2014,2,3135,-6.6408576533650985
26.0,2014,3,2866,-8.580542264752792
26.0,2015,0,3018,5.303558967201675
26.0,2015,1,3099,2.68389662027833
26.0,2015,2,3001,-3.162310422717005
26.0,2015,3,2762,-7.964011996001333
26.0,2016,0,3195,15.677045619116583
26.0,2016,1,3300,3.286384976525822
26.0,2016,2,2969,-10.03030303030303
26.0,2016,3,3375,13.674637925227348
26.0,2017,0,3563,5.57037037037037
26.0,2017,1,3477,-2.4136963233230424
26.0,2017,2,3133,-9.893586425079091
26.0,2017,3,3066,-2.138525375039898
26.0,2018,0,3328,8.545335942596216
26.0,2018,1,2797,-15.955528846153847
26.0,2018,2,2646,-5.398641401501609
26.0,2018,3,2538,-4.081632653061225
26.0,2019,0,2771,9.180457052797477
26.0,2019,1,2465,-11.042944785276074
26.0,2019,2,2440,-1.0141987829614605
26.0,2019,3,1998,-18.114754098360656
26.0,2020,0,1909,-4.454454454454455
26.0,2020,1,1054,-44.78784704033526
26.0,2020,2,1054,0.0
26.0,2020,3,1584,50.284629981024665
26.0,2021,0,1569,-0.946969696969697
26.0,2021,1,1354,-13.702995538559593
26.0,2021,2,1538,13.58936484490399
26.0,2021,3,1516,-1.4304291287386215
26.0,2022,0,1797,18.535620052770447
26.0,2022,1,2029,12.910406232609905
26.0,2022,2,1887,-6.9985214391325785
26.0,2022,3,1843,-2.3317435082140965
26.0,2023,0,2315,25.610417797069996
26.0,2023,1,2419,4.49244060475162
27.0,2006,0,4783,
27.0,2006,1,4863,1.6725904244198202
27.0,2006,2,4925,1.2749331688258276
27.0,2006,3,4488,-8.873096446700508
27.0,2007,0,5073,13.034759358288769
27.0,2007,1,5296,4.3958210132071756
27.0,2007,2,5427,2.473564954682779
27.0,2007,3,5084,-6.320250598857564
27.0,2008,0,5211,2.4980330448465775
27.0,2008,1,5411,3.8380349261178273
27.0,2008,2,5164,-4.5647754574015895
27.0,2008,3,4959,-3.9697908597986062
27.0,2009,0,5699,14.922363379713651
27.0,2009,1,5726,0.4737673276013336
27.0,2009,2,5565,-2.8117359413202934
27.0,2009,3,5112,-8.140161725067385
27.0,2010,0,5456,6.729264475743349
27.0,2010,1,5963,9.292521994134898
27.0,2010,2,5431,-8.921683716250211
27.0,2010,3,5352,-1.4546124102375253
27.0,2011,0,5055,-5.54932735426009
27.0,2011,1,6088,20.43521266073195
27.0,2011,2,5340,-12.28646517739816
27.0,2011,3,6321,18.370786516853933
27.0,2012,0,5870,-7.134947002056637
27.0,2012,1,5899,0.4940374787052811
27.0,2012,2,6167,4.543142905577216
27.0,2012,3,4563,-26.009404897032596
27.0,2013,0,5183,13.58755204909051
27.0,2013,1,5635,8.720818059039166
27.0,2013,2,5669,0.6033717834960071
27.0,2013,3,4933,-12.982889398482978
27.0,2014,0,5004,1.4392864382728563
27.0,2014,1,5592,11.750599520383693
27.0,2014,2,5373,-3.9163090128755367
27.0,2014,3,4508,-16.099013586450774
27.0,2015,0,4369,-3.08340727595386
27.0,2015,1,4705,7.690547035934997
27.0,2015,2,4984,5.929861849096706
27.0,2015,3,4570,-8.306581059390048
27.0,2016,0,4424,-3.194748358862144
27.0,2016,1,4463,0.8815551537070525
27.0,2016,2,4224,-5.355142280976921
27.0,2016,3,4063,-3.8115530303030303
27.0,2017,0,4092,0.7137583066699483
27.0,2017,1,3937,-3.787878787878788
27.0,2017,2,3892,-1.143002286004572
27.0,2017,3,3806,-2.2096608427543676
27.0,2018,0,3894,2.312138728323699
27.0,2018,1,3671,-5.7267591165896246
27.0,2018,2,3206,-12.666848270226097
27.0,2018,3,3080,-3.9301310043668125
27.0,2019,0,2988,-2.987012987012987
27.0,2019,1,3183,6.526104417670683
27.0,2019,2,3242,1.853597235312598
27.0,2019,3,2960,-8.698334361505243
27.0,2020,0,2657,-10.236486486486486
27.0,2020,1,1773,-33.270605946556266
27.0,2020,2,1345,-24.139875916525664
27.0,2020,3,1772,31.74721189591078
27.0,2021,0,1837,3.668171557562077
27.0,2021,1,2020,9.961894393032118
27.0,2021,2,2274,12.574257425742575
27.0,2021,3,2478,8.970976253298153
27.0,2022,0,2433,-1.8159806295399514
27.0,2022,1,2728,12.124948623099055
27.0,2022,2,2821,3.4090909090909087
27.0,2022,3,2770,-1.8078695498050337
27.0,2023,0,2879,3.9350180505415158
27.0,2023,1,2892,0.45154567558179926
28.0,2006,0,3760,
28.0,2006,1,4126,9.73404255319149
28.0,2006,2,4248,2.956858943286476
28.0,2006,3,4410,3.8135593220338984
28.0,2007,0,4485,1.7006802721088436
28.0,2007,1,4432,-1.1817168338907469
28.0,2007,2,4581,3.361913357400722
28.0,2007,3,4353,-4.9770792403405375
28.0,2008,0,4355,0.04594532506317482
28.0,2008,1,4115,-5.510907003444316
28.0,2008,2,4512,9.647630619684083
28.0,2008,3,4643,2.903368794326241
28.0,2009,0,4909,5.729054490631057
28.0,2009,1,4580,-6.701975962517824
28.0,2009,2,4395,-4.039301310043668
28.0,2009,3,4878,10.98976109215017
28.0,2010,0,5097,4.4895448954489545
28.0,2010,1,5010,-1.7068864037669218
28.0,2010,2,5047,0.7385229540918163
28.0,2010,3,5027,-0.3962750148603131
28.0,2011,0,5098,1.4123731848020689
28.0,2011,1,5011,-1.7065515888583758
28.0,2011,2,4462,-10.955897026541608
28.0,2011,3,4960,11.160914388166741
28.0,2012,0,4743,-4.375
28.0,2012,1,4512,-4.870335230866541
28.0,2012,2,4756,5.407801418439717
28.0,2012,3,4707,-1.0302775441547518
28.0,2013,0,4710,0.06373486297004462
28.0,2013,1,4709,-0.021231422505307858
28.0,2013,2,4431,-5.903588872372054
28.0,2013,3,4691,5.867749943579327
28.0,2014,0,4935,5.201449584310382
28.0,2014,1,5030,1.9250253292806485
28.0,2014,2,4654,-7.475149105367793
28.0,2014,3,4146,-10.915341641598625
28.0,2015,0,4067,-1.9054510371442352
28.0,2015,1,4213,3.589869682812884
28.0,2015,2,4292,1.8751483503441728
28.0,2015,3,4166,-2.9356943150046595
28.0,2016,0,4187,0.5040806529044647
28.0,2016,1,3738,-10.723668497731072
28.0,2016,2,3333,-10.834670947030498
28.0,2016,3,3436,3.0903090309030903
28.0,2017,0,3300,-3.958090803259604
28.0,2017,1,3465,5.0
28.0,2017,2,3424,-1.1832611832611835
28.0,2017,3,3493,2.0151869158878504
28.0,2018,0,3287,-5.897509304322932
28.0,2018,1,2742,-16.580468512321268
28.0,2018,2,2697,-1.6411378555798686
28.0,2018,3,2593,-3.85613644790508
28.0,2019,0,2533,-2.3139220979560355
28.0,2019,1,2318,-8.487958941966047
28.0,2019,2,2335,0.7333908541846419
28.0,2019,3,2231,-4.453961456102784
28.0,2020,0,1778,-20.304796055580457
28.0,2020,1,1035,-41.78852643419573
28.0,2020,2,934,-9.758454106280192
28.0,2020,3,1365,46.14561027837259
28.0,2021,0,1382,1.2454212454212454
28.0,2021,1,1371,-0.7959479015918958
28.0,2021,2,1572,14.660831509846828
28.0,2021,3,1806,14.885496183206106
28.0,2022,0,1899,5.149501661129568
28.0,2022,1,2132,12.269615587151133
28.0,2022,2,2202,3.283302063789869
28.0,2022,3,2399,8.946412352406902
28.0,2023,0,2341,-2.417674030846186
28.0,2023,1,2683,14.60914139256728
29.0,2006,0,7145,
29.0,2006,1,6775,-5.178446466060182
29.0,2006,2,6553,-3.2767527675276757
29.0,2006,3,6531,-0.33572409583396917
29.0,2007,0,7868,20.471596998928188
29.0,2007,1,7013,-10.866802236908999
29.0,2007,2,7050,0.5275916155710823
29.0,2007,3,6361,-9.77304964539007
29.0,2008,0,7681,20.751454173872034
29.0,2008,1,7240,-5.741439916677516
29.0,2008,2,6908,-4.585635359116022
29.0,2008,3,6393,-7.455124493341053
29.0,2009,0,7656,19.75598310652276
29.0,2009,1,7401,-3.3307210031347965
29.0,2009,2,7377,-0.3242805026347791
29.0,2009,3,6981,-5.368035786905246
29.0,2010,0,7307,4.669818077639307
29.0,2010,1,7349,0.5747912960175174
29.0,2010,2,7257,-1.2518710028575317
29.0,2010,3,6670,-8.088741904368197
29.0,2011,0,7349,10.179910044977511
29.0,2011,1,7102,-3.361001496802286
29.0,2011,2,6272,-11.68684877499296
29.0,2011,3,6322,0.7971938775510204
29.0,2012,0,7525,19.02878835811452
29.0,2012,1,6828,-9.262458471760796
29.0,2012,2,6795,-0.4833040421792618
29.0,2012,3,5881,-13.451066961000734
29.0,2013,0,6921,17.68406733548716
29.0,2013,1,6982,0.8813755237682417
29.0,2013,2,6520,-6.6170151818963046
29.0,2013,3,6355,-2.5306748466257667
29.0,2014,0,7023,10.51140833988985
29.0,2014,1,7019,-0.056955716930086865
29.0,2014,2,7311,4.160136771619889
29.0,2014,3,5964,-18.424292162494872
29.0,2015,0,6093,2.162977867203219
29.0,2015,1,6176,1.3622189397669455
29.0,2015,2,7309,18.345207253886013
29.0,2015,3,6547,-10.425502804761253
29.0,2016,0,6122,-6.491522834886207
29.0,2016,1,6262,2.2868343678536425
29.0,2016,2,5659,-9.629511338230596
29.0,2016,3,5121,-9.506980031807739
29.0,2017,0,5204,1.6207771919546963
29.0,2017,1,4940,-5.073020753266718
29.0,2017,2,5030,1.8218623481781375
29.0,2017,3,4581,-8.926441351888668
29.0,2018,0,4629,1.0478061558611658
29.0,2018,1,4051,-12.48649816375027
29.0,2018,2,4327,6.813132559861762
29.0,2018,3,3705,-14.37485555812341
29.0,2019,0,4241,14.466936572199728
29.0,2019,1,4067,-4.102805941994812
29.0,2019,2,4020,-1.1556429800835997
29.0,2019,3,3490,-13.184079601990051
29.0,2020,0,3158,-9.512893982808022
29.0,2020,1,2067,-34.547181760607984
29.0,2020,2,1939,-6.192549588776004
29.0,2020,3,2497,28.777720474471373
29.0,2021,0,2483,-0.5606728073688426
29.0,2021,1,2058,-17.1163914619412
29.0,2021,2,2718,32.06997084548105
29.0,2021,3,2439,-10.264900662251655
29.0,2022,0,2887,18.36818368183682
29.0,2022,1,3375,16.903359889158295
29.0,2022,2,3385,0.2962962962962963
29.0,2022,3,3564,5.288035450516987
29.0,2023,0,3762,5.555555555555555
29.0,2023,1,4136,9.941520467836257
30.0,2006,0,7349,
30.0,2006,1,6795,-7.538440604163831
30.0,2006,2,7082,4.223693892568065
30.0,2006,3,7129,0.6636543349336346
30.0,2007,0,8499,19.21728152616075
30.0,2007,1,7808,-8.130368278621013
30.0,2007,2,7785,-0.29456967213114754
30.0,2007,3,6870,-11.753371868978805
30.0,2008,0,8193,19.25764192139738
30.0,2008,1,8053,-1.7087757842060296
30.0,2008,2,7322,-9.077362473612318
30.0,2008,3,7396,1.010652827096422
30.0,2009,0,8587,16.1032990805841
30.0,2009,1,8407,-2.096191918015605
30.0,2009,2,8189,-2.5930771975734506
30.0,2009,3,7607,-7.107094883380144
30.0,2010,0,7949,4.495859077165768
30.0,2010,1,8285,4.226946785759215
30.0,2010,2,7678,-7.326493663246832
30.0,2010,3,7458,-2.865329512893983
30.0,2011,0,8033,7.709841780638241
30.0,2011,1,7967,-0.8216108552222083
30.0,2011,2,7169,-10.01631730889921
30.0,2011,3,7065,-1.4506904728692984
30.0,2012,0,8607,21.825902335456476
30.0,2012,1,7791,-9.48065528058557
30.0,2012,2,7922,1.6814272878962908
30.0,2012,3,6284,-20.676596818985104
30.0,2013,0,8044,28.007638446849143
30.0,2013,1,7988,-0.69617105917454
30.0,2013,2,7719,-3.367551326990486
30.0,2013,3,6963,-9.79401476875243
30.0,2014,0,7541,8.30101967542726
30.0,2014,1,7708,2.2145604031295583
30.0,2014,2,6864,-10.949662688116243
30.0,2014,3,5859,-14.64160839160839
30.0,2015,0,5850,-0.15360983102918588
30.0,2015,1,6395,9.316239316239317
30.0,2015,2,6335,-0.9382329945269743
30.0,2015,3,5369,-15.248618784530388
30.0,2016,0,5926,10.374371391320544
30.0,2016,1,5867,-0.9956125548430644
30.0,2016,2,5374,-8.402931651610704
30.0,2016,3,4935,-8.168961667286938
30.0,2017,0,4765,-3.4447821681864235
30.0,2017,1,4660,-2.2035676810073452
30.0,2017,2,4310,-7.510729613733906
30.0,2017,3,4091,-5.081206496519722
30.0,2018,0,4220,3.153263260816426
30.0,2018,1,3419,-18.981042654028435
30.0,2018,2,3418,-0.029248318221702253
30.0,2018,3,3041,-11.029842012873026
30.0,2019,0,3320,9.174613613942782
30.0,2019,1,3454,4.036144578313253
30.0,2019,2,3122,-9.612044006948466
30.0,2019,3,2832,-9.28891736066624
30.0,2020,0,2888,1.977401129943503
30.0,2020,1,1794,-37.880886426592795
30.0,2020,2,1520,-15.27313266443701
30.0,2020,3,2275,49.67105263157895
30.0,2021,0,2622,15.252747252747254
30.0,2021,1,2205,-15.903890160183066
30.0,2021,2,2624,19.002267573696145
30.0,2021,3,2560,-2.4390243902439024
30.0,2022,0,2798,9.296875
30.0,2022,1,2864,2.3588277340957826
30.0,2022,2,2473,-13.652234636871508
30.0,2022,3,2735,10.594419733117672
30.0,2023,0,2804,2.522851919561243
30.0,2023,1,2846,1.4978601997146932
31.0,2006,0,4592,
31.0,2006,1,4280,-6.794425087108014
31.0,2006,2,4563,6.612149532710281
31.0,2006,3,4650,1.9066403681788298
31.0,2007,0,6100,31.182795698924732
31.0,2007,1,5178,-15.114754098360656
31.0,2007,2,5137,-0.7918115102356121
31.0,2007,3,5213,1.479462721432743
31.0,2008,0,6257,20.026855937080377
31.0,2008,1,5343,-14.607639443822917
31.0,2008,2,4840,-9.41418678644956
31.0,2008,3,4418,-8.71900826446281
31.0,2009,0,5828,31.914893617021278
31.0,2009,1,5416,-7.069320521619766
31.0,2009,2,4707,-13.090841949778435
31.0,2009,3,4909,4.291480773316338
31.0,2010,0,5275,7.455693623955999
31.0,2010,1,5366,1.725118483412322
31.0,2010,2,4743,-11.610137905329855
31.0,2010,3,4562,-3.816150115960363
31.0,2011,0,4628,1.446733888645331
31.0,2011,1,4852,4.840103716508211
31.0,2011,2,4747,-2.164056059356966
31.0,2011,3,4223,-11.038550663576995
31.0,2012,0,4886,15.69973952166706
31.0,2012,1,4495,-8.002455996725338
31.0,2012,2,4251,-5.42825361512792
31.0,2012,3,3596,-15.40813926135027
31.0,2013,0,4335,20.550611790878754
31.0,2013,1,4126,-4.821222606689735
31.0,2013,2,4077,-1.187590887057683
31.0,2013,3,4027,-1.226391954868776
31.0,2014,0,4509,11.96920784703253
31.0,2014,1,4585,1.685517853182524
31.0,2014,2,3866,-15.681570338058886
31.0,2014,3,3499,-9.493016037247802
31.0,2015,0,3594,2.715061446127465
31.0,2015,1,3321,-7.595993322203673
31.0,2015,2,3281,-1.2044564890093346
31.0,2015,3,3047,-7.131971959768363
31.0,2016,0,3149,3.3475549721037083
31.0,2016,1,3245,3.048586852969197
31.0,2016,2,3065,-5.546995377503852
31.0,2016,3,3047,-0.5872756933115824
31.0,2017,0,3269,7.285854939284542
31.0,2017,1,2973,-9.054756806362802
31.0,2017,2,2711,-8.812647157753112
31.0,2017,3,2883,6.344522316488381
31.0,2018,0,2757,-4.37044745057232
31.0,2018,1,2388,-13.384113166485308
31.0,2018,2,2224,-6.867671691792294
31.0,2018,3,2136,-3.9568345323741005
31.0,2019,0,2187,2.387640449438202
31.0,2019,1,2051,-6.218564243255601
31.0,2019,2,1992,-2.8766455387615797
31.0,2019,3,1808,-9.236947791164658
31.0,2020,0,1739,-3.8163716814159288
31.0,2020,1,1243,-28.522139160437032
31.0,2020,2,975,-21.560740144810943
31.0,2020,3,1377,41.23076923076923
31.0,2021,0,1576,14.451706608569353
31.0,2021,1,1391,-11.738578680203046
31.0,2021,2,1694,21.782890007189074
31.0,2021,3,1353,-20.12987012987013
31.0,2022,0,1607,18.77309682187731
31.0,2022,1,1599,-0.49782202862476665
31.0,2022,2,1798,12.445278298936834
31.0,2022,3,1805,0.389321468298109
31.0,2023,0,2076,15.013850415512465
31.0,2023,1,2171,4.5761078998073215
32.0,2006,0,6002,
32.0,2006,1,5570,-7.197600799733422
32.0,2006,2,5932,6.499102333931778
32.0,2006,3,5888,-0.7417397167902899
32.0,2007,0,7600,29.076086956521742
32.0,2007,1,6984,-8.105263157894736
32.0,2007,2,6899,-1.2170675830469646
32.0,2007,3,6676,-3.232352514857226
32.0,2008,0,7676,14.979029358897545
32.0,2008,1,6908,-10.00521104742053
32.0,2008,2,6470,-6.340474811812391
32.0,2008,3,6410,-0.9273570324574961
32.0,2009,0,7280,13.57254290171607
32.0,2009,1,7328,0.6593406593406593
32.0,2009,2,7453,1.7057860262008735
32.0,2009,3,7040,-5.541392727760633
32.0,2010,0,7690,9.232954545454545
32.0,2010,1,7786,1.2483745123537062
32.0,2010,2,7404,-4.906241972771641
32.0,2010,3,7023,-5.145867098865478
32.0,2011,0,8023,14.238929232521713
32.0,2011,1,7804,-2.729652249781877
32.0,2011,2,6671,-14.518195797027166
32.0,2011,3,7120,6.730625093689103
32.0,2012,0,8012,12.528089887640451
32.0,2012,1,6623,-17.33649525711433
32.0,2012,2,6646,0.3472746489506266
32.0,2012,3,5545,-16.566355702678305
32.0,2013,0,6411,15.617673579801622
32.0,2013,1,6748,5.256590235532678
32.0,2013,2,6635,-1.6745702430349734
32.0,2013,3,6038,-8.997739261492086
32.0,2014,0,6660,10.30142431268632
32.0,2014,1,6644,-0.24024024024024024
32.0,2014,2,6479,-2.4834437086092715
32.0,2014,3,5362,-17.240314863404844
32.0,2015,0,5456,1.7530772099962701
32.0,2015,1,5472,0.2932551319648094
32.0,2015,2,5850,6.907894736842106
32.0,2015,3,5249,-10.273504273504273
32.0,2016,0,5422,3.295865879215089
32.0,2016,1,5209,-3.9284396901512357
32.0,2016,2,5144,-1.247840276444615
32.0,2016,3,4715,-8.3398133748056
32.0,2017,0,4995,5.938494167550371
32.0,2017,1,4323,-13.453453453453454
32.0,2017,2,4385,1.4341892204487625
32.0,2017,3,4145,-5.473204104903079
32.0,2018,0,4203,1.3992762364294329
32.0,2018,1,3997,-4.90126100404473
32.0,2018,2,3868,-3.2274205654240684
32.0,2018,3,3499,-9.53981385729059
32.0,2019,0,3831,9.488425264361245
32.0,2019,1,3506,-8.48342469329157
32.0,2019,2,3411,-2.709640616086708
32.0,2019,3,2902,-14.922310172969805
32.0,2020,0,2802,-3.445899379738112
32.0,2020,1,2064,-26.33832976445396
32.0,2020,2,2085,1.0174418604651163
32.0,2020,3,2524,21.05515587529976
32.0,2021,0,2696,6.814580031695722
32.0,2021,1,2211,-17.989614243323444
32.0,2021,2,2567,16.101311623699683
32.0,2021,3,2493,-2.8827425009738996
32.0,2022,0,2949,18.29121540312876
32.0,2022,1,3155,6.985418786029163
32.0,2022,2,3018,-4.342313787638669
32.0,2022,3,3175,5.202120609675282
32.0,2023,0,3724,17.291338582677167
32.0,2023,1,3911,5.021482277121375
33.0,2006,0,3899,
33.0,2006,1,3830,-1.7696845344960248
33.0,2006,2,3785,-1.1749347258485638
33.0,2006,3,3814,0.7661822985468956
33.0,2007,0,4854,27.26796014682748
33.0,2007,1,4413,-9.085290482076639
33.0,2007,2,4110,-6.866077498300475
33.0,2007,3,4183,1.7761557177615572
33.0,2008,0,4913,17.451589768109013
33.0,2008,1,4506,-8.284144107469977
33.0,2008,2,4239,-5.9254327563249
33.0,2008,3,4312,1.7221042698749707
33.0,2009,0,5223,21.12708719851577
33.0,2009,1,4967,-4.901397664177676
33.0,2009,2,4682,-5.737869941614656
33.0,2009,3,4846,3.502776591200342
33.0,2010,0,5960,22.988031366075113
33.0,2010,1,6329,6.191275167785235
33.0,2010,2,5728,-9.495970927476694
33.0,2010,3,5282,-7.786312849162011
33.0,2011,0,6173,16.868610374858008
33.0,2011,1,5543,-10.205734650899076
33.0,2011,2,4950,-10.69817788201335
33.0,2011,3,4865,-1.7171717171717171
33.0,2012,0,5308,9.105858170606371
33.0,2012,1,4772,-10.097965335342879
33.0,2012,2,4159,-12.845766974015088
33.0,2012,3,3586,-13.77735032459726
33.0,2013,0,3922,9.369771332961516
33.0,2013,1,3948,0.6629270780214177
33.0,2013,2,3812,-3.4447821681864235
33.0,2013,3,3526,-7.502623294858342
33.0,2014,0,3813,8.13953488372093
33.0,2014,1,3945,3.461841070023604
33.0,2014,2,3879,-1.6730038022813687
33.0,2014,3,3300,-14.926527455529776
33.0,2015,0,3072,-6.909090909090909
33.0,2015,1,3137,2.115885416666667
33.0,2015,2,3352,6.853681861651259
33.0,2015,3,2613,-22.046539379474943
33.0,2016,0,2821,7.960199004975125
33.0,2016,1,2850,1.0280042538107055
33.0,2016,2,2797,-1.8596491228070178
33.0,2016,3,2778,-0.6792992491955666
33.0,2017,0,2675,-3.7077033837293016
33.0,2017,1,2810,5.046728971962617
33.0,2017,2,2611,-7.081850533807829
33.0,2017,3,2771,6.127920337035619
33.0,2018,0,2586,-6.6762901479610255
33.0,2018,1,2570,-0.6187161639597835
33.0,2018,2,2566,-0.1556420233463035
33.0,2018,3,2229,-13.13328137178488
33.0,2019,0,2142,-3.9030955585464335
33.0,2019,1,1991,-7.049486461251167
33.0,2019,2,2115,6.22802611752888
33.0,2019,3,1680,-20.56737588652482
33.0,2020,0,1717,2.2023809523809526
33.0,2020,1,1246,-27.431566686080373
33.0,2020,2,1033,-17.09470304975923
33.0,2020,3,1231,19.167473378509197
33.0,2021,0,1252,1.7059301380991063
33.0,2021,1,1089,-13.019169329073483
33.0,2021,2,1450,33.14967860422406
33.0,2021,3,1480,2.0689655172413794
33.0,2022,0,1721,16.283783783783782
33.0,2022,1,1849,7.437536316095293
33.0,2022,2,1973,6.706327744726879
33.0,2022,3,1954,-0.963000506842372
33.0,2023,0,2092,7.062436028659161
33.0,2023,1,2280,8.98661567877629
34.0,2006,0,2979,
34.0,2006,1,2718,-8.761329305135952
34.0,2006,2,2991,10.044150110375275
34.0,2006,3,2664,-10.932798395185557
34.0,2007,0,2978,11.786786786786786
34.0,2007,1,3244,8.93216924110141
34.0,2007,2,2993,-7.737361282367447
34.0,2007,3,2742,-8.38623454727698
34.0,2008,0,3498,27.571115973741794
34.0,2008,1,3187,-8.890794739851342
34.0,2008,2,3030,-4.926262943206777
34.0,2008,3,2667,-11.98019801980198
34.0,2009,0,3380,26.734158230221222
34.0,2009,1,3013,-10.857988165680474
34.0,2009,2,3079,2.190507799535347
34.0,2009,3,2962,-3.7999350438454047
34.0,2010,0,3006,1.4854827819041188
34.0,2010,1,3049,1.430472388556221
34.0,2010,2,2941,-3.5421449655624797
34.0,2010,3,3037,3.264195851751105
34.0,2011,0,3568,17.484359565360553
34.0,2011,1,3473,-2.662556053811659
34.0,2011,2,3088,-11.085516844226893
34.0,2011,3,2863,-7.286269430051813
34.0,2012,0,3445,20.32832692979392
34.0,2012,1,2812,-18.3744557329463
34.0,2012,2,2889,2.7382645803698433
34.0,2012,3,2380,-17.618553132571822
34.0,2013,0,2499,5.0
34.0,2013,1,2608,4.361744697879152
34.0,2013,2,2651,1.6487730061349692
34.0,2013,3,2368,-10.675216899283289
34.0,2014,0,2679,13.133445945945946
34.0,2014,1,2716,1.3811123553564764
34.0,2014,2,2697,-0.699558173784978
34.0,2014,3,2258,-16.277345198368558
34.0,2015,0,2195,-2.7900797165633304
34.0,2015,1,2092,-4.69248291571754
34.0,2015,2,2344,12.045889101338432
34.0,2015,3,1865,-20.435153583617748
34.0,2016,0,2067,10.831099195710456
34.0,2016,1,2252,8.950169327527819
34.0,2016,2,2243,-0.3996447602131439
34.0,2016,3,1996,-11.012037449843959
34.0,2017,0,2069,3.6573146292585172
34.0,2017,1,2221,7.346544224262928
34.0,2017,2,2145,-3.4218820351193155
34.0,2017,3,1902,-11.328671328671328
34.0,2018,0,2002,5.257623554153523
34.0,2018,1,1842,-7.992007992007992
34.0,2018,2,1983,7.654723127035831
34.0,2018,3,1645,-17.044881492687846
34.0,2019,0,1685,2.43161094224924
34.0,2019,1,1631,-3.2047477744807122
34.0,2019,2,1646,0.9196811771919068
34.0,2019,3,1355,-17.679222357229648
34.0,2020,0,1442,6.4206642066420665
34.0,2020,1,953,-33.91123439667129
34.0,2020,2,970,1.7838405036726128
34.0,2020,3,1343,38.453608247422686
34.0,2021,0,1315,-2.084884586746091
34.0,2021,1,1026,-21.977186311787072
34.0,2021,2,1387,35.18518518518518
34.0,2021,3,1279,-7.7865897620764235
34.0,2022,0,1434,12.118842845973417
34.0,2022,1,1607,12.06415620641562
34.0,2022,2,1546,-3.7958929682638454
34.0,2022,3,1784,15.39456662354463
34.0,2023,0,1972,10.538116591928251
34.0,2023,1,2073,5.121703853955376
36.0,2006,0,1968,
36.0,2006,1,1802,-8.434959349593496
36.0,2006,2,1896,5.216426193118757
36.0,2006,3,1615,-14.82067510548523
36.0,2007,0,2204,36.470588235294116
36.0,2007,1,2058,-6.624319419237749
36.0,2007,2,2358,14.577259475218659
36.0,2007,3,2023,-14.206955046649702
36.0,2008,0,2339,15.620365793376173
36.0,2008,1,2242,-4.147071398033347
36.0,2008,2,2289,2.096342551293488
36.0,2008,3,2372,3.6260375709917
36.0,2009,0,2615,10.244519392917368
36.0,2009,1,2307,-11.778202676864245
36.0,2009,2,2323,0.693541395752059
36.0,2009,3,2240,-3.572965992251399
36.0,2010,0,2466,10.089285714285715
36.0,2010,1,2554,3.5685320356853207
36.0,2010,2,2298,-10.023492560689116
36.0,2010,3,2145,-6.657963446475196
36.0,2011,0,2415,12.587412587412588
36.0,2011,1,2239,-7.287784679089027
36.0,2011,2,2094,-6.476105404198303
36.0,2011,3,2031,-3.0085959885386817
36.0,2012,0,2023,-0.3938946331856229
36.0,2012,1,2075,2.570439940682155
36.0,2012,2,2111,1.7349397590361446
36.0,2012,3,2231,5.684509711037423
36.0,2013,0,2270,1.7480950246526221
36.0,2013,1,2211,-2.5991189427312777
36.0,2013,2,2261,2.261420171867933
36.0,2013,3,2163,-4.3343653250774
36.0,2014,0,1989,-8.044382801664355
36.0,2014,1,2332,17.24484665661136
36.0,2014,2,2408,3.2590051457975986
36.0,2014,3,1937,-19.559800664451828
36.0,2015,0,1825,-5.782137325761487
36.0,2015,1,2120,16.164383561643834
36.0,2015,2,2236,5.471698113207547
36.0,2015,3,1738,-22.271914132379248
36.0,2016,0,1918,10.356731875719218
36.0,2016,1,1828,-4.692387904066736
36.0,2016,2,1798,-1.6411378555798686
36.0,2016,3,1801,0.16685205784204674
36.0,2017,0,1749,-2.8872848417545804
36.0,2017,1,1851,5.831903945111493
36.0,2017,2,1812,-2.106969205834684
36.0,2017,3,1788,-1.3245033112582782
36.0,2018,0,1785,-0.16778523489932887
36.0,2018,1,1679,-5.938375350140055
36.0,2018,2,1644,-2.084574151280524
36.0,2018,3,1516,-7.785888077858881
36.0,2019,0,1643,8.37730870712401
36.0,2019,1,1498,-8.825319537431527
36.0,2019,2,1499,0.06675567423230974
36.0,2019,3,1095,-26.951300867244832
36.0,2020,0,984,-10.136986301369863
36.0,2020,1,776,-21.138211382113823
36.0,2020,2,806,3.865979381443299
36.0,2020,3,1166,44.66501240694789
36.0,2021,0,1111,-4.716981132075472
36.0,2021,1,890,-19.891989198919894
36.0,2021,2,1077,21.01123595505618
36.0,2021,3,1003,-6.8709377901578454
36.0,2022,0,1044,4.087736789631107
36.0,2022,1,1049,0.4789272030651341
36.0,2022,2,1086,3.5271687321258343
36.0,2022,3,1255,15.561694290976058
36.0,2023,0,1222,-2.6294820717131477
36.0,2023,1,1467,20.049099836333877
47.0,2006,0,4104,
47.0,2006,1,4449,8.406432748538013
47.0,2006,2,4384,-1.4610024724657227
47.0,2006,3,4178,-4.698905109489051
47.0,2007,0,4820,15.366203925323122
47.0,2007,1,4496,-6.721991701244813
47.0,2007,2,4036,-10.231316725978647
47.0,2007,3,3917,-2.9484638255698714
47.0,2008,0,4412,12.637222364054123
47.0,2008,1,4233,-4.057116953762466
47.0,2008,2,4238,0.11811953697141507
47.0,2008,3,4125,-2.66635205285512
47.0,2009,0,4784,15.975757575757576
47.0,2009,1,4394,-8.152173913043478
47.0,2009,2,4148,-5.598543468365953
47.0,2009,3,3945,-4.893924783027965
47.0,2010,0,4237,7.401774397972116
47.0,2010,1,4133,-2.4545669105499175
47.0,2010,2,4159,0.6290829905637552
47.0,2010,3,3661,-11.974032219283481
47.0,2011,0,3734,1.9939907129199672
47.0,2011,1,4187,12.13176218532405
47.0,2011,2,3664,-12.491043706711249
47.0,2011,3,3713,1.3373362445414847
47.0,2012,0,3987,7.37947751144627
47.0,2012,1,4000,0.32605969400551793
47.0,2012,2,4061,1.525
47.0,2012,3,3287,-19.059344988918987
47.0,2013,0,4481,36.32491633708549
47.0,2013,1,4439,-0.9372907833072975
47.0,2013,2,4247,-4.325298490651047
47.0,2013,3,4309,1.4598540145985401
47.0,2014,0,4449,3.2490136922719888
47.0,2014,1,4716,6.001348617666891
47.0,2014,2,4638,-1.653944020356234
47.0,2014,3,3840,-17.205692108667527
47.0,2015,0,3878,0.9895833333333333
47.0,2015,1,4045,4.306343476018566
47.0,2015,2,4307,6.477132262051915
47.0,2015,3,3810,-11.53935453912236
47.0,2016,0,4073,6.902887139107612
47.0,2016,1,3635,-10.75374416891726
47.0,2016,2,3348,-7.895460797799175
47.0,2016,3,3268,-2.3894862604540026
47.0,2017,0,3270,0.06119951040391676
47.0,2017,1,3383,3.4556574923547396
47.0,2017,2,3309,-2.18740762636713
47.0,2017,3,3197,-3.384708371109096
47.0,2018,0,3072,-3.90991554582421
47.0,2018,1,2794,-9.049479166666668
47.0,2018,2,2399,-14.137437365783823
47.0,2018,3,2326,-3.0429345560650267
47.0,2019,0,2222,-4.471195184866724
47.0,2019,1,2349,5.715571557155716
47.0,2019,2,2132,-9.237973605789698
47.0,2019,3,1829,-14.212007504690433
47.0,2020,0,1853,1.3121924548933843
47.0,2020,1,964,-47.97625472207231
47.0,2020,2,1014,5.186721991701245
47.0,2020,3,1448,42.80078895463511
47.0,2021,0,1654,14.226519337016574
47.0,2021,1,1534,-7.255139056831923
47.0,2021,2,1934,26.07561929595828
47.0,2021,3,2101,8.634953464322647
47.0,2022,0,1818,-13.46977629700143
47.0,2022,1,2007,10.396039603960396
47.0,2022,2,1976,-1.5445939212755355
47.0,2022,3,1991,0.7591093117408907
47.0,2023,0,2060,3.465595178302361
47.0,2023,1,2245,8.980582524271846
59.0,2006,0,2541,
59.0,2006,1,2417,-4.879968516332153
59.0,2006,2,2423,0.24824162184526274
59.0,2006,3,2337,-3.549319026000825
59.0,2007,0,2692,15.190415062045357
59.0,2007,1,2851,5.906389301634472
59.0,2007,2,2746,-3.6829182742897233
59.0,2007,3,2324,-15.367807720320467
59.0,2008,0,2474,6.454388984509467
59.0,2008,1,2527,2.1422797089733225
59.0,2008,2,2418,-4.3134151167392165
59.0,2008,3,2156,-10.835401157981803
59.0,2009,0,2605,20.82560296846011
59.0,2009,1,2575,-1.1516314779270633
59.0,2009,2,2405,-6.601941747572816
59.0,2009,3,2074,-13.762993762993764
59.0,2010,0,2367,14.127290260366443
59.0,2010,1,2404,1.563160118293198
59.0,2010,2,2564,6.655574043261231
59.0,2010,3,2365,-7.761310452418097
59.0,2011,0,2684,13.488372093023257
59.0,2011,1,3066,14.232488822652755
59.0,2011,2,2348,-23.418134377038484
59.0,2011,3,2340,-0.34071550255536626
59.0,2012,0,2705,15.598290598290598
59.0,2012,1,2465,-8.872458410351202
59.0,2012,2,2343,-4.949290060851927
59.0,2012,3,2192,-6.444728979940248
59.0,2013,0,2593,18.293795620437955
59.0,2013,1,2898,11.762437331276514
59.0,2013,2,2743,-5.348516218081436
59.0,2013,3,2529,-7.8016769959897925
59.0,2014,0,2766,9.37129300118624
59.0,2014,1,2814,1.735357917570499
59.0,2014,2,2648,-5.899076048329779
59.0,2014,3,2242,-15.332326283987916
59.0,2015,0,2325,3.7020517395182875
59.0,2015,1,2350,1.0752688172043012
59.0,2015,2,2570,9.361702127659575
59.0,2015,3,2451,-4.63035019455253
59.0,2016,0,2451,0.0
59.0,2016,1,2203,-10.118319053447571
59.0,2016,2,2156,-2.133454380390377
59.0,2016,3,2050,-4.916512059369202
59.0,2017,0,2264,10.439024390243903
59.0,2017,1,2444,7.950530035335689
59.0,2017,2,2141,-12.39770867430442
59.0,2017,3,2188,2.1952358710882764
59.0,2018,0,1918,-12.340036563071298
59.0,2018,1,1876,-2.18978102189781
59.0,2018,2,1947,3.7846481876332625
59.0,2018,3,1700,-12.686183872624552
59.0,2019,0,1823,7.235294117647059
59.0,2019,1,1843,1.0970927043335161
59.0,2019,2,1556,-15.572436245252305
59.0,2019,3,1243,-20.11568123393316
59.0,2020,0,1275,2.574416733708769
59.0,2020,1,904,-29.09803921568627
59.0,2020,2,1054,16.5929203539823
59.0,2020,3,1223,16.03415559772296
59.0,2021,0,1335,9.157808667211773
59.0,2021,1,1377,3.146067415730337
59.0,2021,2,1610,16.92084241103849
59.0,2021,3,1509,-6.273291925465839
59.0,2022,0,1856,22.99536116633532
59.0,2022,1,1955,5.334051724137931
59.0,2022,2,1671,-14.526854219948849
59.0,2022,3,1596,-4.488330341113106
59.0,2023,0,1650,3.3834586466165413
59.0,2023,1,1769,7.212121212121213
