State_Assembly_District,ARREST_YEAR,#_ARRESTS,ARREST_CHANGE
23.0,2006,3496,
23.0,2007,3627,3.747139588100686
23.0,2008,3516,-3.0603804797353185
23.0,2009,3826,8.816837315130831
23.0,2010,4054,5.9592263460533195
23.0,2011,3778,-6.808090774543661
23.0,2012,3862,2.2233986236103758
23.0,2013,4067,5.308130502330399
23.0,2014,4213,3.589869682812884
23.0,2015,3739,-11.250890102065036
23.0,2016,3521,-5.830435945439957
23.0,2017,3237,-8.065890372053394
23.0,2018,3035,-6.240345999382144
23.0,2019,2697,-11.13673805601318
23.0,2020,1789,-33.66703744901743
23.0,2021,1781,-0.4471771939631079
23.0,2022,2218,24.536777091521618
23.0,2023,1223,-44.860234445446345
24.0,2006,4064,
24.0,2007,4548,11.909448818897637
24.0,2008,4297,-5.518909410729991
24.0,2009,3911,-8.983011403304632
24.0,2010,3990,2.019943748401943
24.0,2011,3400,-14.786967418546364
24.0,2012,3473,2.1470588235294117
24.0,2013,4015,15.606104232651886
24.0,2014,3600,-10.336239103362391
24.0,2015,3131,-13.027777777777777
24.0,2016,3383,8.048546790162888
24.0,2017,3270,-3.3402305645876442
24.0,2018,2708,-17.186544342507645
24.0,2019,2170,-19.86706056129985
24.0,2020,1699,-21.70506912442396
24.0,2021,1906,12.183637433784579
24.0,2022,2384,25.078698845750264
24.0,2023,1328,-44.29530201342282
25.0,2006,1762,
25.0,2007,1693,-3.916004540295119
25.0,2008,1769,4.48907265209687
25.0,2009,1857,4.9745618993781795
25.0,2010,1818,-2.10016155088853
25.0,2011,1706,-6.16061606160616
25.0,2012,1760,3.1652989449003512
25.0,2013,1877,6.647727272727273
25.0,2014,1638,-12.733084709643046
25.0,2015,1637,-0.06105006105006105
25.0,2016,1326,-18.998167379352473
25.0,2017,1360,2.564102564102564
25.0,2018,1108,-18.529411764705884
25.0,2019,1131,2.0758122743682312
25.0,2020,638,-43.58974358974359
25.0,2021,767,20.219435736677116
25.0,2022,962,25.423728813559322
25.0,2023,605,-37.11018711018711
26.0,2006,1300,
26.0,2007,1411,8.538461538461538
26.0,2008,1425,0.9922041105598866
26.0,2009,1393,-2.245614035087719
26.0,2010,1396,0.21536252692031585
26.0,2011,1271,-8.954154727793696
26.0,2012,1254,-1.3375295043273014
26.0,2013,1201,-4.226475279106858
26.0,2014,1132,-5.745212323064113
26.0,2015,1046,-7.597173144876325
26.0,2016,1107,5.831739961759083
26.0,2017,1058,-4.426377597109305
26.0,2018,734,-30.623818525519848
26.0,2019,622,-15.258855585831062
26.0,2020,370,-40.51446945337621
26.0,2021,455,22.972972972972975
26.0,2022,517,13.626373626373626
26.0,2023,338,-34.622823984526114
27.0,2006,2661,
27.0,2007,2399,-9.845922585494176
27.0,2008,2641,10.087536473530639
27.0,2009,2925,10.753502461188944
27.0,2010,2865,-2.051282051282051
27.0,2011,2931,2.3036649214659684
27.0,2012,2902,-0.989423404981235
27.0,2013,3297,13.61130254996554
27.0,2014,3194,-3.124052168638156
27.0,2015,2814,-11.897307451471509
27.0,2016,2959,5.152807391613362
27.0,2017,2913,-1.554579249746536
27.0,2018,2636,-9.509097150703742
27.0,2019,2505,-4.969650986342944
27.0,2020,1539,-38.56287425149701
27.0,2021,1903,23.651721897335932
27.0,2022,1868,-1.8392012611665791
27.0,2023,956,-48.82226980728051
28.0,2006,2877,
28.0,2007,2873,-0.13903371567605144
28.0,2008,2986,3.933170901496694
28.0,2009,3531,18.251841929002012
28.0,2010,3309,-6.287170773152082
28.0,2011,3313,0.12088244182532487
28.0,2012,3331,0.5433142167220043
28.0,2013,3417,2.58180726508556
28.0,2014,3095,-9.423470880889669
28.0,2015,2754,-11.017770597738288
28.0,2016,2492,-9.513435003631082
28.0,2017,2355,-5.497592295345104
28.0,2018,2353,-0.08492569002123143
28.0,2019,2299,-2.2949426264343393
28.0,2020,1677,-27.055241409308394
28.0,2021,1943,15.861657722122837
28.0,2022,2504,28.872876994338654
28.0,2023,1344,-46.325878594249204
29.0,2006,4826,
29.0,2007,4479,-7.190219643597182
29.0,2008,4598,2.6568430453226166
29.0,2009,4999,8.721183123097
29.0,2010,5227,4.560912182436487
29.0,2011,5529,5.777692749186914
29.0,2012,5648,2.152287936335685
29.0,2013,6449,14.18201133144476
29.0,2014,6446,-0.04651884013025275
29.0,2015,5631,-12.643499844865033
29.0,2016,4475,-20.5292132836086
29.0,2017,3941,-11.932960893854748
29.0,2018,3280,-16.77239279370718
29.0,2019,3219,-1.8597560975609755
29.0,2020,2303,-28.456042249145696
29.0,2021,2413,4.776378636561008
29.0,2022,3266,35.350186489846664
29.0,2023,2127,-34.87446417636252
30.0,2006,2488,
30.0,2007,2733,9.84726688102894
30.0,2008,2344,-14.233443102817416
30.0,2009,2296,-2.04778156996587
30.0,2010,2415,5.182926829268292
30.0,2011,2257,-6.542443064182195
30.0,2012,2035,-9.836065573770492
30.0,2013,2192,7.714987714987714
30.0,2014,2058,-6.1131386861313874
30.0,2015,1780,-13.508260447035958
30.0,2016,1502,-15.617977528089888
30.0,2017,1382,-7.989347536617843
30.0,2018,1304,-5.643994211287988
30.0,2019,1165,-10.659509202453988
30.0,2020,746,-35.9656652360515
30.0,2021,845,13.270777479892763
30.0,2022,1191,40.946745562130175
30.0,2023,672,-43.57682619647355
31.0,2006,4376,
31.0,2007,4956,13.254113345521024
31.0,2008,5112,3.14769975786925
31.0,2009,5072,-0.7824726134585289
31.0,2010,5056,-0.31545741324921134
31.0,2011,5062,0.11867088607594937
31.0,2012,4669,-7.763729751086528
31.0,2013,4976,6.5752837866780895
31.0,2014,5445,9.42524115755627
31.0,2015,4163,-23.544536271809
31.0,2016,4078,-2.0417967811674274
31.0,2017,3710,-9.024031387935262
31.0,2018,3482,-6.145552560646901
31.0,2019,2639,-24.21022400919012
31.0,2020,1878,-28.83668056081849
31.0,2021,1849,-1.54419595314164
31.0,2022,1877,1.5143320713899404
31.0,2023,1247,-33.56419818859882
32.0,2006,8282,
32.0,2007,9230,11.446510504709009
32.0,2008,9819,6.38136511375948
32.0,2009,10803,10.021387106630003
32.0,2010,9528,-11.802277145237435
32.0,2011,9022,-5.310663308144417
32.0,2012,10095,11.893150077588118
32.0,2013,11470,13.620604259534423
32.0,2014,12317,7.384481255448998
32.0,2015,10718,-12.982057319152391
32.0,2016,8582,-19.929091248367232
32.0,2017,7487,-12.75926357492426
32.0,2018,7042,-5.943635635100842
32.0,2019,6658,-5.452996307867084
32.0,2020,3873,-41.82937819164914
32.0,2021,4119,6.351665375677769
32.0,2022,4520,9.735372663267782
32.0,2023,3356,-25.75221238938053
33.0,2006,3521,
33.0,2007,3474,-1.334848054529963
33.0,2008,3058,-11.974668969487624
33.0,2009,3581,17.1026814911707
33.0,2010,3693,3.1276179838034066
33.0,2011,3577,-3.14107771459518
33.0,2012,3724,4.10958904109589
33.0,2013,3945,5.934479054779807
33.0,2014,3994,1.2420785804816223
33.0,2015,3107,-22.208312468703053
33.0,2016,3316,6.726746057289991
33.0,2017,3027,-8.715319662243667
33.0,2018,2771,-8.457218368021142
33.0,2019,2425,-12.486466979429808
33.0,2020,1826,-24.701030927835053
33.0,2021,1731,-5.2026286966046005
33.0,2022,2281,31.773541305603697
33.0,2023,1459,-36.03682595352915
34.0,2006,5897,
34.0,2007,6212,5.3416991690690185
34.0,2008,5826,-6.213779781068899
34.0,2009,6403,9.903879162375558
34.0,2010,6189,-3.3421833515539587
34.0,2011,5557,-10.21166585878171
34.0,2012,5341,-3.8869893827604822
34.0,2013,5067,-5.130125444673282
34.0,2014,5471,7.9731596605486486
34.0,2015,4642,-15.152622920855418
34.0,2016,4268,-8.056872037914692
34.0,2017,3802,-10.918462980318651
34.0,2018,3700,-2.6827985270910046
34.0,2019,3461,-6.45945945945946
34.0,2020,2203,-36.34787633631898
34.0,2021,2215,0.5447117566954154
34.0,2022,2689,21.399548532731377
34.0,2023,1509,-43.882484194867985
35.0,2006,3180,
35.0,2007,3445,8.333333333333332
35.0,2008,3570,3.6284470246734397
35.0,2009,4031,12.913165266106445
35.0,2010,3790,-5.978665343587199
35.0,2011,3597,-5.092348284960422
35.0,2012,3133,-12.899638587711982
35.0,2013,3656,16.69326524098308
35.0,2014,3615,-1.1214442013129104
35.0,2015,2881,-20.304287690179805
35.0,2016,2215,-23.116973273169037
35.0,2017,2115,-4.514672686230249
35.0,2018,1789,-15.41371158392435
35.0,2019,1569,-12.297372833985467
35.0,2020,1109,-29.31803696622052
35.0,2021,1019,-8.11541929666366
35.0,2022,1125,10.40235525024534
35.0,2023,640,-43.111111111111114
36.0,2006,5180,
36.0,2007,6041,16.62162162162162
36.0,2008,5143,-14.865088561496442
36.0,2009,5052,-1.7693952945751508
36.0,2010,4593,-9.085510688836104
36.0,2011,4389,-4.441541476159373
36.0,2012,4230,-3.6226930963773065
36.0,2013,4838,14.373522458628843
36.0,2014,4709,-2.666391070690368
36.0,2015,4135,-12.189424506264599
36.0,2016,4602,11.293833131801694
36.0,2017,4456,-3.172533681008257
36.0,2018,3466,-22.217235188509875
36.0,2019,2876,-17.02250432775534
36.0,2020,2194,-23.713490959666203
36.0,2021,2905,32.40656335460346
36.0,2022,3235,11.359724612736661
36.0,2023,1518,-53.0757341576507
37.0,2006,3535,
37.0,2007,3408,-3.592644978783593
37.0,2008,3298,-3.227699530516432
37.0,2009,3117,-5.4881746513038205
37.0,2010,3536,13.442412576195059
37.0,2011,3307,-6.476244343891404
37.0,2012,2922,-11.641971575446023
37.0,2013,3028,3.6276522929500343
37.0,2014,3051,0.7595772787318362
37.0,2015,2486,-18.51851851851852
37.0,2016,2163,-12.992759452936445
37.0,2017,2262,4.5769764216366156
37.0,2018,2065,-8.709106984969054
37.0,2019,1878,-9.055690072639225
37.0,2020,1237,-34.132055378061764
37.0,2021,1663,34.438156831042846
37.0,2022,1848,11.124473842453398
37.0,2023,1061,-42.58658008658009
38.0,2006,3752,
38.0,2007,3610,-3.7846481876332625
38.0,2008,3718,2.9916897506925206
38.0,2009,3760,1.1296395911780528
38.0,2010,3880,3.1914893617021276
38.0,2011,3524,-9.175257731958762
38.0,2012,3558,0.9648127128263337
38.0,2013,4060,14.109050028105678
38.0,2014,3718,-8.423645320197044
38.0,2015,3424,-7.907477138246369
38.0,2016,3407,-0.4964953271028037
38.0,2017,3207,-5.8702670971529205
38.0,2018,2401,-25.13252260679763
38.0,2019,1995,-16.909620991253643
38.0,2020,1564,-21.604010025062657
38.0,2021,1651,5.562659846547315
38.0,2022,1914,15.929739551786795
38.0,2023,1157,-39.550679205851615
39.0,2006,5314,
39.0,2007,5573,4.873917952578095
39.0,2008,5697,2.225013457742688
39.0,2009,5573,-2.176584167105494
39.0,2010,5271,-5.418984389018482
39.0,2011,4766,-9.580724720166952
39.0,2012,4348,-8.770457406630298
39.0,2013,4691,7.888684452621895
39.0,2014,4678,-0.2771264122788318
39.0,2015,4382,-6.327490380504488
39.0,2016,3738,-14.696485623003195
39.0,2017,3145,-15.864098448368111
39.0,2018,3031,-3.624801271860095
39.0,2019,2701,-10.887495875948531
39.0,2020,1677,-37.911884487226956
39.0,2021,2019,20.39355992844365
39.0,2022,2455,21.594848935116396
39.0,2023,1649,-32.830957230142566
40.0,2006,3847,
40.0,2007,3616,-6.004678970626462
40.0,2008,3444,-4.756637168141593
40.0,2009,3581,3.977932636469222
40.0,2010,3469,-3.1276179838034066
40.0,2011,4106,18.36264053041222
40.0,2012,3940,-4.042864101315149
40.0,2013,3919,-0.532994923857868
40.0,2014,3716,-5.179892829803522
40.0,2015,3341,-10.091496232508074
40.0,2016,3282,-1.7659383418138281
40.0,2017,3036,-7.495429616087751
40.0,2018,3049,0.4281949934123847
40.0,2019,2575,-15.546080682190883
40.0,2020,1660,-35.53398058252427
40.0,2021,1859,11.987951807228916
40.0,2022,2564,37.92361484669177
40.0,2023,1661,-35.21840873634945
41.0,2006,2347,
41.0,2007,2688,14.529186195142735
41.0,2008,2390,-11.086309523809524
41.0,2009,2512,5.104602510460251
41.0,2010,2522,0.3980891719745223
41.0,2011,2446,-3.013481363996828
41.0,2012,2399,-1.9215044971381847
41.0,2013,2284,-4.793664026677782
41.0,2014,2332,2.1015761821366024
41.0,2015,2141,-8.190394511149227
41.0,2016,2110,-1.4479215319943952
41.0,2017,2007,-4.881516587677725
41.0,2018,1721,-14.25012456402591
41.0,2019,1572,-8.657757117954677
41.0,2020,1202,-23.536895674300254
41.0,2021,1386,15.307820299500833
41.0,2022,1524,9.956709956709958
41.0,2023,910,-40.28871391076115
42.0,2006,5772,
42.0,2007,6155,6.635481635481636
42.0,2008,6030,-2.0308692120227456
42.0,2009,6415,6.384742951907131
42.0,2010,6577,2.525331254871395
42.0,2011,5983,-9.031473316101566
42.0,2012,5915,-1.1365535684439245
42.0,2013,5930,0.25359256128486896
42.0,2014,6396,7.8583473861720075
42.0,2015,5317,-16.869918699186993
42.0,2016,4666,-12.243746473575325
42.0,2017,4533,-2.8504072010287183
42.0,2018,4130,-8.890359585263623
42.0,2019,3389,-17.94188861985472
42.0,2020,2172,-35.91029802301564
42.0,2021,2287,5.294659300184161
42.0,2022,2753,20.376038478355923
42.0,2023,1653,-39.95641118779513
43.0,2006,6315,
43.0,2007,7144,13.127474267616785
43.0,2008,6419,-10.148376259798432
43.0,2009,7129,11.060912914784234
43.0,2010,7742,8.598681441997474
43.0,2011,7404,-4.365796951692069
43.0,2012,6463,-12.709346299297678
43.0,2013,6763,4.641807210273867
43.0,2014,6436,-4.835132337719947
43.0,2015,5484,-14.791796146674955
43.0,2016,5166,-5.798687089715536
43.0,2017,4814,-6.813782423538521
43.0,2018,3994,-17.033651848774408
43.0,2019,3183,-20.305458187280923
43.0,2020,1878,-40.99905749293119
43.0,2021,2205,17.412140575079874
43.0,2022,2441,10.702947845804989
43.0,2023,1451,-40.557148709545274
44.0,2006,2884,
44.0,2007,2963,2.739251040221914
44.0,2008,2455,-17.144785690178875
44.0,2009,2669,8.716904276985742
44.0,2010,2581,-3.2971150243536904
44.0,2011,2573,-0.30995738086013175
44.0,2012,2373,-7.773027594247959
44.0,2013,2218,-6.531816266329541
44.0,2014,2228,0.4508566275924256
44.0,2015,2279,2.289048473967684
44.0,2016,2456,7.766564282580079
44.0,2017,2178,-11.319218241042345
44.0,2018,1865,-14.370982552800735
44.0,2019,1446,-22.466487935656836
44.0,2020,1036,-28.354080221300137
44.0,2021,1116,7.722007722007722
44.0,2022,1373,23.02867383512545
44.0,2023,714,-47.99708667152222
45.0,2006,2523,
45.0,2007,2804,11.137534680935394
45.0,2008,2737,-2.3894436519258204
45.0,2009,2689,-1.7537449762513702
45.0,2010,2435,-9.445890665674971
45.0,2011,2530,3.9014373716632447
45.0,2012,2624,3.7154150197628457
45.0,2013,2588,-1.3719512195121952
45.0,2014,2571,-0.6568778979907265
45.0,2015,2456,-4.472967716841696
45.0,2016,2260,-7.980456026058631
45.0,2017,2123,-6.061946902654867
45.0,2018,1934,-8.902496467263306
45.0,2019,1749,-9.565667011375387
45.0,2020,1246,-28.759291023441968
45.0,2021,1221,-2.0064205457463884
45.0,2022,1375,12.612612612612612
45.0,2023,853,-37.96363636363637
46.0,2006,4977,
46.0,2007,5483,10.166767128792445
46.0,2008,5341,-2.5898230895495167
46.0,2009,5909,10.634712600636584
46.0,2010,5701,-3.520054154679303
46.0,2011,5029,-11.787405718295036
46.0,2012,4620,-8.132829588387354
46.0,2013,4936,6.8398268398268405
46.0,2014,5170,4.7406807131280395
46.0,2015,5345,3.3849129593810443
46.0,2016,5174,-3.1992516370439663
46.0,2017,4826,-6.725937379203711
46.0,2018,4472,-7.335267302113552
46.0,2019,3789,-15.272808586762073
46.0,2020,2427,-35.94615993665875
46.0,2021,2591,6.757313555830242
46.0,2022,2792,7.757622539560015
46.0,2023,1906,-31.733524355300858
47.0,2006,1907,
47.0,2007,2073,8.704771893025695
47.0,2008,2108,1.688374336710082
47.0,2009,2039,-3.273244781783681
47.0,2010,1884,-7.601765571358509
47.0,2011,1839,-2.388535031847134
47.0,2012,1880,2.2294725394236
47.0,2013,1848,-1.702127659574468
47.0,2014,2282,23.484848484848484
47.0,2015,2134,-6.4855390008764235
47.0,2016,2015,-5.576382380506092
47.0,2017,1864,-7.49379652605459
47.0,2018,1312,-29.613733905579398
47.0,2019,1358,3.50609756097561
47.0,2020,928,-31.66421207658321
47.0,2021,1169,25.969827586206897
47.0,2022,1421,21.55688622754491
47.0,2023,820,-42.29415904292752
48.0,2006,1911,
48.0,2007,2009,5.128205128205128
48.0,2008,1859,-7.466401194624191
48.0,2009,1743,-6.239913932221625
48.0,2010,1849,6.081468732071142
48.0,2011,1660,-10.221741481882098
48.0,2012,1751,5.481927710843373
48.0,2013,1909,9.023415191319247
48.0,2014,1974,3.404924044002095
48.0,2015,2117,7.244174265450861
48.0,2016,1954,-7.699574870099197
48.0,2017,1696,-13.203684749232345
48.0,2018,1554,-8.372641509433961
48.0,2019,1517,-2.380952380952381
48.0,2020,1147,-24.390243902439025
48.0,2021,1334,16.303400174367916
48.0,2022,1753,31.40929535232384
48.0,2023,809,-53.85054192812322
49.0,2006,1498,
49.0,2007,1394,-6.942590120160213
49.0,2008,1509,8.24964131994261
49.0,2009,1464,-2.982107355864811
49.0,2010,1523,4.030054644808743
49.0,2011,1488,-2.298095863427446
49.0,2012,1405,-5.577956989247312
49.0,2013,1548,10.177935943060499
49.0,2014,1574,1.6795865633074936
49.0,2015,1377,-12.515883100381195
49.0,2016,1465,6.390704429920116
49.0,2017,1571,7.235494880546075
49.0,2018,1255,-20.11457670273711
49.0,2019,1232,-1.8326693227091633
49.0,2020,812,-34.090909090909086
49.0,2021,957,17.857142857142858
49.0,2022,937,-2.089864158829676
49.0,2023,687,-26.680896478121664
50.0,2006,2313,
50.0,2007,2202,-4.798962386511025
50.0,2008,2426,10.172570390554043
50.0,2009,2520,3.8746908491343777
50.0,2010,2738,8.65079365079365
50.0,2011,2714,-0.8765522279035792
50.0,2012,2757,1.5843773028739867
50.0,2013,3014,9.321726514327167
50.0,2014,2584,-14.26675514266755
50.0,2015,2252,-12.848297213622292
50.0,2016,2203,-2.1758436944937833
50.0,2017,2207,0.18157058556513844
50.0,2018,1685,-23.652016311735387
50.0,2019,1419,-15.786350148367953
50.0,2020,898,-36.71599718111346
50.0,2021,1280,42.53897550111358
50.0,2022,1783,39.296875
50.0,2023,947,-46.88726864834549
51.0,2006,5913,
51.0,2007,5991,1.3191273465246067
51.0,2008,5647,-5.7419462527124026
51.0,2009,5197,-7.968833008677173
51.0,2010,5250,1.019819126419088
51.0,2011,4820,-8.190476190476192
51.0,2012,4925,2.1784232365145226
51.0,2013,4696,-4.649746192893401
51.0,2014,4920,4.770017035775128
51.0,2015,4484,-8.86178861788618
51.0,2016,5110,13.960749330954506
51.0,2017,5537,8.356164383561644
51.0,2018,4838,-12.624164710131842
51.0,2019,4240,-12.36047953699876
51.0,2020,2638,-37.783018867924525
51.0,2021,2741,3.9044730856709626
51.0,2022,3150,14.921561473914629
51.0,2023,1889,-40.03174603174603
52.0,2006,6379,
52.0,2007,6185,-3.041229032763756
52.0,2008,6209,0.3880355699272433
52.0,2009,6828,9.969399259139959
52.0,2010,7016,2.753368482718219
52.0,2011,7159,2.038198403648803
52.0,2012,6630,-7.389300181589607
52.0,2013,6277,-5.324283559577677
52.0,2014,6430,2.4374701290425365
52.0,2015,6088,-5.318818040435459
52.0,2016,6262,2.8580814717477003
52.0,2017,6331,1.1018843819865858
52.0,2018,5377,-15.06870952456168
52.0,2019,4400,-18.16998326204203
52.0,2020,2537,-42.34090909090909
52.0,2021,2659,4.8088293259755615
52.0,2022,4007,50.69575028206093
52.0,2023,2505,-37.484402295982036
53.0,2006,8160,
53.0,2007,8113,-0.5759803921568628
53.0,2008,8584,5.805497349932208
53.0,2009,8351,-2.7143522833178007
53.0,2010,8066,-3.412764938330739
53.0,2011,9350,15.918670964542525
53.0,2012,8051,-13.893048128342244
53.0,2013,8401,4.347286051422183
53.0,2014,7601,-9.52267587192001
53.0,2015,6208,-18.326535982107618
53.0,2016,5834,-6.024484536082475
53.0,2017,5560,-4.696606102159754
53.0,2018,4660,-16.18705035971223
53.0,2019,4266,-8.454935622317597
53.0,2020,2704,-36.61509610876699
53.0,2021,3174,17.381656804733726
53.0,2022,3715,17.04473850031506
53.0,2023,2108,-43.25706594885599
54.0,2006,7796,
54.0,2007,9084,16.521292970754235
54.0,2008,10101,11.19550858652576
54.0,2009,10529,4.237204237204238
54.0,2010,10783,2.4123848418653244
54.0,2011,10788,0.04636928498562552
54.0,2012,10418,-3.4297367445309606
54.0,2013,8970,-13.899020925321558
54.0,2014,7898,-11.950947603121516
54.0,2015,6449,-18.34641681438339
54.0,2016,5622,-12.823693595906342
54.0,2017,5028,-10.56563500533618
54.0,2018,4127,-17.919649960222753
54.0,2019,3826,-7.293433486794282
54.0,2020,2565,-32.95870360690016
54.0,2021,2697,5.146198830409357
54.0,2022,2090,-22.5064886911383
54.0,2023,1359,-34.97607655502392
55.0,2006,11498,
55.0,2007,12781,11.158462341276744
55.0,2008,12663,-0.923245442453642
55.0,2009,14163,11.845534233593934
55.0,2010,15031,6.128645061074631
55.0,2011,16376,8.948173774199986
55.0,2012,15118,-7.6819736199316075
55.0,2013,13527,-10.52387881994973
55.0,2014,12796,-5.4040068012123905
55.0,2015,10627,-16.950609565489216
55.0,2016,9350,-12.016561588406887
55.0,2017,7823,-16.331550802139038
55.0,2018,7047,-9.919468234692573
55.0,2019,5580,-20.81736909323116
55.0,2020,3602,-35.448028673835125
55.0,2021,3464,-3.8312048861743477
55.0,2022,4863,40.38683602771363
55.0,2023,3233,-33.518404277195145
56.0,2006,9209,
56.0,2007,11028,19.75241611467043
56.0,2008,11097,0.6256800870511425
56.0,2009,12828,15.598810489321439
56.0,2010,12446,-2.977860929217337
56.0,2011,11812,-5.09400610637956
56.0,2012,11598,-1.8117168980697596
56.0,2013,11520,-0.6725297465080186
56.0,2014,9926,-13.836805555555557
56.0,2015,8153,-17.862180132984083
56.0,2016,7552,-7.3715196860051515
56.0,2017,6610,-12.473516949152543
56.0,2018,5836,-11.709531013615734
56.0,2019,4923,-15.644276901987663
56.0,2020,3857,-21.653463335364613
56.0,2021,3892,0.9074410163339384
56.0,2022,4639,19.193216855087357
56.0,2023,2659,-42.681612416469065
57.0,2006,7660,
57.0,2007,8090,5.613577023498695
57.0,2008,7235,-10.568603213844252
57.0,2009,7617,5.279889426399447
57.0,2010,7809,2.520677432059866
57.0,2011,6938,-11.153796901011653
57.0,2012,7406,6.745459786682042
57.0,2013,6982,-5.725087766675668
57.0,2014,6929,-0.7590948152391865
57.0,2015,5694,-17.823639774859288
57.0,2016,5394,-5.268703898840886
57.0,2017,4585,-14.9981460882462
57.0,2018,3387,-26.128680479825515
57.0,2019,2963,-12.518452908178329
57.0,2020,1964,-33.715828552143094
57.0,2021,1863,-5.142566191446028
57.0,2022,2256,21.09500805152979
57.0,2023,1492,-33.86524822695036
58.0,2006,4315,
58.0,2007,4816,11.61066048667439
58.0,2008,4201,-12.769933554817275
58.0,2009,4748,13.020709354915496
58.0,2010,4309,-9.245998315080033
58.0,2011,4561,5.84822464608958
58.0,2012,5101,11.839508879631659
58.0,2013,4847,-4.979415800823368
58.0,2014,5352,10.418815762327213
58.0,2015,4700,-12.182361733931241
58.0,2016,4121,-12.319148936170214
58.0,2017,3564,-13.516136859985439
58.0,2018,3315,-6.986531986531987
58.0,2019,2688,-18.914027149321267
58.0,2020,1706,-36.532738095238095
58.0,2021,2053,20.33997655334115
58.0,2022,2380,15.927910375060886
58.0,2023,1473,-38.10924369747899
59.0,2006,2394,
59.0,2007,2523,5.3884711779448615
59.0,2008,2398,-4.954419342053112
59.0,2009,2357,-1.7097581317764805
59.0,2010,2527,7.212558336868902
59.0,2011,2784,10.170162247724575
59.0,2012,2719,-2.3347701149425286
59.0,2013,2528,-7.024641412283927
59.0,2014,2669,5.5775316455696204
59.0,2015,2239,-16.110902959910078
59.0,2016,2346,4.778919160339437
59.0,2017,2192,-6.564364876385337
59.0,2018,1894,-13.594890510948904
59.0,2019,1440,-23.970432946145724
59.0,2020,976,-32.22222222222222
59.0,2021,1140,16.80327868852459
59.0,2022,1473,29.210526315789476
59.0,2023,926,-37.13509843856076
60.0,2006,6849,
60.0,2007,7314,6.789312308366186
60.0,2008,7118,-2.679792179382007
60.0,2009,8382,17.75779713402641
60.0,2010,8232,-1.789549033643522
60.0,2011,8757,6.377551020408164
60.0,2012,8639,-1.3474934338243691
60.0,2013,8161,-5.533047806459081
60.0,2014,8034,-1.5561818404607277
60.0,2015,7177,-10.667164550659697
60.0,2016,5939,-17.249547164553437
60.0,2017,4454,-25.004209462872538
60.0,2018,3593,-19.330938482263136
60.0,2019,2995,-16.64347342053994
60.0,2020,1763,-41.13522537562604
60.0,2021,2091,18.6046511627907
60.0,2022,4108,96.46102343376374
60.0,2023,2606,-36.56280428432327
61.0,2006,7073,
61.0,2007,7469,5.598755832037325
61.0,2008,8556,14.553487749364038
61.0,2009,8043,-5.995792426367461
61.0,2010,8232,2.3498694516971277
61.0,2011,8574,4.154518950437318
61.0,2012,8272,-3.522276650338232
61.0,2013,7369,-10.916344294003869
61.0,2014,7966,8.101506310218483
61.0,2015,6753,-15.227215666582977
61.0,2016,7776,15.14882274544647
61.0,2017,6832,-12.139917695473251
61.0,2018,6385,-6.542740046838408
61.0,2019,5615,-12.059514487079092
61.0,2020,3546,-36.84772929652716
61.0,2021,4190,18.161308516638467
61.0,2022,5022,19.856801909307876
61.0,2023,2932,-41.61688570290721
62.0,2006,1378,
62.0,2007,1376,-0.14513788098693758
62.0,2008,1739,26.380813953488374
62.0,2009,1839,5.750431282346176
62.0,2010,1814,-1.3594344752582925
62.0,2011,1831,0.9371554575523704
62.0,2012,1703,-6.990715456034953
62.0,2013,1852,8.749266001174398
62.0,2014,1777,-4.049676025917927
62.0,2015,1667,-6.1902082160945415
62.0,2016,1759,5.518896220755849
62.0,2017,1846,4.945992040932349
62.0,2018,1419,-23.13109425785482
62.0,2019,1160,-18.2522903453136
62.0,2020,833,-28.18965517241379
62.0,2021,894,7.322929171668667
62.0,2022,1068,19.463087248322147
62.0,2023,603,-43.53932584269663
63.0,2006,2564,
63.0,2007,2514,-1.9500780031201248
63.0,2008,3122,24.184566428003183
63.0,2009,2981,-4.516335682254965
63.0,2010,3158,5.93760483059376
63.0,2011,3228,2.2165927802406586
63.0,2012,2617,-18.92812887236679
63.0,2013,2668,1.9487963316774932
63.0,2014,2752,3.1484257871064467
63.0,2015,2255,-18.05959302325581
63.0,2016,2143,-4.966740576496674
63.0,2017,1942,-9.379374708352776
63.0,2018,1734,-10.710607621009268
63.0,2019,1496,-13.725490196078432
63.0,2020,1001,-33.088235294117645
63.0,2021,1169,16.783216783216783
63.0,2022,1331,13.857998289136015
63.0,2023,837,-37.11495116453794
64.0,2006,2952,
64.0,2007,2808,-4.878048780487805
64.0,2008,3259,16.06125356125356
64.0,2009,2778,-14.759128567045106
64.0,2010,2708,-2.51979841612671
64.0,2011,2694,-0.51698670605613
64.0,2012,2734,1.4847809948032664
64.0,2013,2525,-7.644476956839795
64.0,2014,2378,-5.8217821782178225
64.0,2015,2030,-14.634146341463413
64.0,2016,2440,20.19704433497537
64.0,2017,2242,-8.114754098360656
64.0,2018,2072,-7.582515611061552
64.0,2019,1867,-9.893822393822393
64.0,2020,1247,-33.20835565077665
64.0,2021,1412,13.2317562149158
64.0,2022,1496,5.94900849858357
64.0,2023,896,-40.106951871657756
65.0,2006,7812,
65.0,2007,8335,6.694828469022017
65.0,2008,8056,-3.347330533893221
65.0,2009,8483,5.300397219463754
65.0,2010,8554,0.8369680537545678
65.0,2011,8678,1.4496142155716623
65.0,2012,8979,3.4685411385111777
65.0,2013,8735,-2.717451832052567
65.0,2014,8610,-1.4310246136233544
65.0,2015,8247,-4.2160278745644595
65.0,2016,7877,-4.48647993209652
65.0,2017,7516,-4.582963057001396
65.0,2018,6634,-11.734965407131453
65.0,2019,6014,-9.345794392523365
65.0,2020,3343,-44.41303624875291
65.0,2021,4132,23.60155548908166
65.0,2022,5168,25.072604065827687
65.0,2023,2692,-47.910216718266255
66.0,2006,9441,
66.0,2007,10810,14.500582565406205
66.0,2008,11542,6.771507863089732
66.0,2009,12638,9.495754635245191
66.0,2010,12770,1.0444690615603733
66.0,2011,12783,0.10180109631949884
66.0,2012,12042,-5.79676132363295
66.0,2013,12405,3.014449427005481
66.0,2014,11918,-3.92583635630794
66.0,2015,10357,-13.097835207249538
66.0,2016,8653,-16.45264072607898
66.0,2017,7977,-7.812319426788397
66.0,2018,6655,-16.572646358280053
66.0,2019,5701,-14.335086401202105
66.0,2020,4141,-27.363620417470617
66.0,2021,4169,0.6761651774933591
66.0,2022,5122,22.85919884864476
66.0,2023,2904,-43.30339711050371
67.0,2006,2575,
67.0,2007,2729,5.980582524271845
67.0,2008,2709,-0.7328691828508611
67.0,2009,3015,11.295681063122924
67.0,2010,2660,-11.774461028192372
67.0,2011,2847,7.030075187969925
67.0,2012,2418,-15.068493150684931
67.0,2013,2515,4.01157981803143
67.0,2014,2498,-0.6759443339960238
67.0,2015,2039,-18.374699759807847
67.0,2016,1899,-6.866110838646396
67.0,2017,1821,-4.107424960505529
67.0,2018,1570,-13.783635365183965
67.0,2019,1394,-11.210191082802549
67.0,2020,736,-47.20229555236729
67.0,2021,929,26.222826086956523
67.0,2022,927,-0.2152852529601722
67.0,2023,514,-44.55231930960086
68.0,2006,13948,
68.0,2007,15007,7.592486377975336
68.0,2008,14560,-2.9786099820083964
68.0,2009,15025,3.1936813186813184
68.0,2010,15762,4.9051580698835275
68.0,2011,14658,-7.004187285877427
68.0,2012,14767,0.743621230727248
68.0,2013,15025,1.74713889076996
68.0,2014,14268,-5.038269550748752
68.0,2015,12242,-14.199607513316511
68.0,2016,11209,-8.438163698742034
68.0,2017,10354,-7.627799090016952
68.0,2018,8722,-15.762024338419934
68.0,2019,7523,-13.746847053428112
68.0,2020,4725,-37.19260933138376
68.0,2021,4768,0.91005291005291
68.0,2022,5270,10.528523489932885
68.0,2023,3060,-41.935483870967744
69.0,2006,4675,
69.0,2007,5206,11.358288770053477
69.0,2008,4896,-5.954667691125624
69.0,2009,5020,2.5326797385620914
69.0,2010,4897,-2.450199203187251
69.0,2011,4463,-8.862568919746785
69.0,2012,4579,2.5991485547837776
69.0,2013,4336,-5.306835553614326
69.0,2014,4052,-6.549815498154982
69.0,2015,3825,-5.6021717670286275
69.0,2016,3187,-16.679738562091504
69.0,2017,3158,-0.9099466582993411
69.0,2018,2717,-13.96453451551615
69.0,2019,2201,-18.991534781008465
69.0,2020,1711,-22.2626079054975
69.0,2021,2073,21.157218001168907
69.0,2022,2359,13.796430294259526
69.0,2023,1328,-43.7049597286986
70.0,2006,13083,
70.0,2007,13700,4.716043720859131
70.0,2008,14546,6.1751824817518255
70.0,2009,15737,8.187817956826619
70.0,2010,14674,-6.7547817245980815
70.0,2011,14548,-0.8586615783017582
70.0,2012,14178,-2.5433049216387134
70.0,2013,14369,1.3471575680631964
70.0,2014,12947,-9.896304544505533
70.0,2015,10792,-16.644782575113926
70.0,2016,10346,-4.132690882134915
70.0,2017,8237,-20.38468973516335
70.0,2018,6302,-23.49156246206143
70.0,2019,5860,-7.013646461440813
70.0,2020,3871,-33.941979522184305
70.0,2021,4933,27.434771376905193
70.0,2022,5441,10.297993107642409
70.0,2023,2643,-51.424370520124974
71.0,2006,8328,
71.0,2007,9658,15.970220941402497
71.0,2008,9427,-2.3917995444191344
71.0,2009,10320,9.472790919698737
71.0,2010,9097,-11.85077519379845
71.0,2011,8889,-2.286468066395515
71.0,2012,8672,-2.4412194847564406
71.0,2013,8483,-2.1794280442804426
71.0,2014,7786,-8.216432865731463
71.0,2015,6950,-10.737220652453122
71.0,2016,6727,-3.2086330935251794
71.0,2017,5097,-24.23071205589416
71.0,2018,3790,-25.642534824406514
71.0,2019,3315,-12.532981530343006
71.0,2020,1954,-41.055806938159876
71.0,2021,2525,29.22210849539406
71.0,2022,2625,3.9603960396039604
71.0,2023,1411,-46.24761904761905
72.0,2006,8976,
72.0,2007,10346,15.262923351158644
72.0,2008,9975,-3.585926928281461
72.0,2009,9701,-2.7468671679198
72.0,2010,9216,-4.999484589217607
72.0,2011,8891,-3.5264756944444446
72.0,2012,8729,-1.8220672590259814
72.0,2013,8553,-2.016267613701455
72.0,2014,8648,1.110721384309599
72.0,2015,7089,-18.027289546716005
72.0,2016,6744,-4.8666948793906055
72.0,2017,5893,-12.618623962040331
72.0,2018,4660,-20.923129136263363
72.0,2019,4088,-12.274678111587983
72.0,2020,2592,-36.59491193737769
72.0,2021,2929,13.001543209876543
72.0,2022,3629,23.89894161829976
72.0,2023,2507,-30.917608156516945
73.0,2006,4903,
73.0,2007,4997,1.9171935549663472
73.0,2008,4557,-8.80528316990194
73.0,2009,4826,5.903006363835857
73.0,2010,4663,-3.3775383340240364
73.0,2011,4721,1.2438344413467723
73.0,2012,4896,3.7068417708112684
73.0,2013,5019,2.5122549019607843
73.0,2014,4751,-5.339709105399482
73.0,2015,4444,-6.461797516312355
73.0,2016,4417,-0.6075607560756076
73.0,2017,4219,-4.482680552411139
73.0,2018,3676,-12.87034842379711
73.0,2019,3389,-7.807399347116431
73.0,2020,2029,-40.129831808793156
73.0,2021,2144,5.667816658452439
73.0,2022,2905,35.49440298507462
73.0,2023,1480,-49.05335628227194
74.0,2006,4957,
74.0,2007,5288,6.677425862416785
74.0,2008,5218,-1.32375189107413
74.0,2009,5467,4.7719432732847835
74.0,2010,5942,8.688494603987563
74.0,2011,6552,10.265903736115787
74.0,2012,6392,-2.442002442002442
74.0,2013,6260,-2.065081351689612
74.0,2014,6020,-3.8338658146964857
74.0,2015,6236,3.5880398671096345
74.0,2016,4782,-23.316228351507377
74.0,2017,4284,-10.41405269761606
74.0,2018,3490,-18.534080298786183
74.0,2019,3027,-13.266475644699142
74.0,2020,1899,-37.26461843409316
74.0,2021,2299,21.0637177461822
74.0,2022,2836,23.357981731187472
74.0,2023,1298,-54.23131170662906
75.0,2006,21565,
75.0,2007,22152,2.7220032460004635
75.0,2008,21817,-1.5122788010111954
75.0,2009,22746,4.258147316312967
75.0,2010,23063,1.3936516310560099
75.0,2011,21471,-6.902831374929541
75.0,2012,20853,-2.8783009640910997
75.0,2013,22514,7.965280774948448
75.0,2014,23248,3.2601936572799146
75.0,2015,20389,-12.29783207157605
75.0,2016,18034,-11.550345774682427
75.0,2017,16373,-9.210380392591771
75.0,2018,13379,-18.286202895010078
75.0,2019,10621,-20.614395694745497
75.0,2020,5845,-44.96751718293946
75.0,2021,8364,43.09666381522669
75.0,2022,10407,24.426111908177905
75.0,2023,6013,-42.22158162775055
76.0,2006,1038,
76.0,2007,1100,5.973025048169557
76.0,2008,946,-14.000000000000002
76.0,2009,705,-25.47568710359408
76.0,2010,757,7.375886524822695
76.0,2011,812,7.26552179656539
76.0,2012,955,17.610837438423648
76.0,2013,802,-16.020942408376964
76.0,2014,832,3.7406483790523692
76.0,2015,665,-20.072115384615387
76.0,2016,695,4.511278195488721
76.0,2017,710,2.158273381294964
76.0,2018,478,-32.67605633802817
76.0,2019,512,7.112970711297072
76.0,2020,345,-32.6171875
76.0,2021,395,14.492753623188406
76.0,2022,400,1.2658227848101267
76.0,2023,217,-45.75
77.0,2006,9494,
77.0,2007,10731,13.029281651569413
77.0,2008,10800,0.6429969247973162
77.0,2009,11017,2.009259259259259
77.0,2010,11657,5.809203957520196
77.0,2011,10709,-8.132452603585829
77.0,2012,8617,-19.534970585488843
77.0,2013,7578,-12.057560635952187
77.0,2014,6412,-15.386645552916336
77.0,2015,5759,-10.184029943855272
77.0,2016,4887,-15.141517624587603
77.0,2017,4302,-11.970534069981584
77.0,2018,4049,-5.880985588098559
77.0,2019,3352,-17.214126944924672
77.0,2020,2511,-25.089498806682574
77.0,2021,2724,8.482676224611708
77.0,2022,3344,22.760646108663728
77.0,2023,2484,-25.717703349282296
78.0,2006,6128,
78.0,2007,8531,39.21344647519582
78.0,2008,8284,-2.89532293986637
78.0,2009,8223,-0.736359246740705
78.0,2010,10103,22.862702176821113
78.0,2011,8970,-11.214490745323172
78.0,2012,8210,-8.4726867335563
78.0,2013,7720,-5.9683313032886725
78.0,2014,7092,-8.134715025906736
78.0,2015,5465,-22.941342357586013
78.0,2016,5068,-7.2644098810613
78.0,2017,5269,3.9660615627466456
78.0,2018,4451,-15.524767508066049
78.0,2019,3426,-23.02853291395192
78.0,2020,2219,-35.230589608873316
78.0,2021,2438,9.869310500225327
78.0,2022,3506,43.80639868744873
78.0,2023,2055,-41.38619509412435
79.0,2006,9222,
79.0,2007,10507,13.934070700498808
79.0,2008,10551,0.41876844008756064
79.0,2009,12604,19.45787129182068
79.0,2010,12107,-3.9431926372580133
79.0,2011,11632,-3.9233501280251097
79.0,2012,10588,-8.975240715268226
79.0,2013,11235,6.110691348696638
79.0,2014,11112,-1.0947930574098799
79.0,2015,10148,-8.675305975521958
79.0,2016,10148,0.0
79.0,2017,8848,-12.810405991328341
79.0,2018,7277,-17.755424954792044
79.0,2019,6794,-6.637350556548029
79.0,2020,4524,-33.41183397115102
79.0,2021,4879,7.847038019451813
79.0,2022,5419,11.067841770854683
79.0,2023,3492,-35.560066432921204
80.0,2006,4168,
80.0,2007,4746,13.867562380038386
80.0,2008,4883,2.8866413822166033
80.0,2009,5299,8.519352856850297
80.0,2010,5531,4.378184563125117
80.0,2011,5335,-3.543662990417646
80.0,2012,5529,3.6363636363636362
80.0,2013,6298,13.908482546572618
80.0,2014,6085,-3.3820260400127027
80.0,2015,5211,-14.363188167625307
80.0,2016,5404,3.7037037037037033
80.0,2017,5321,-1.535899333826795
80.0,2018,4911,-7.705318549144898
80.0,2019,4183,-14.823864793321114
80.0,2020,2836,-32.201769065264166
80.0,2021,2553,-9.978843441466854
80.0,2022,3523,37.99451625538582
80.0,2023,1845,-47.62986091399375
81.0,2006,3148,
81.0,2007,4182,32.84625158831004
81.0,2008,4620,10.473457675753227
81.0,2009,6199,34.17748917748918
81.0,2010,9061,46.16873689304726
81.0,2011,8309,-8.299304712504139
81.0,2012,5664,-31.83295222048381
81.0,2013,3846,-32.097457627118644
81.0,2014,4143,7.722308892355695
81.0,2015,3574,-13.734009172097513
81.0,2016,3304,-7.554560716284275
81.0,2017,2841,-14.013317191283292
81.0,2018,2512,-11.580429426258359
81.0,2019,2404,-4.2993630573248405
81.0,2020,1587,-33.98502495840266
81.0,2021,1855,16.88720856962823
81.0,2022,1989,7.223719676549865
81.0,2023,1089,-45.248868778280546
82.0,2006,3009,
82.0,2007,3000,-0.29910269192422734
82.0,2008,3403,13.433333333333334
82.0,2009,3436,0.969732588892154
82.0,2010,3452,0.46565774155995343
82.0,2011,3523,2.0567786790266513
82.0,2012,3325,-5.620210048254329
82.0,2013,3070,-7.669172932330827
82.0,2014,3282,6.905537459283388
82.0,2015,3099,-5.575868372943328
82.0,2016,2923,-5.679251371410132
82.0,2017,2757,-5.6790968183373245
82.0,2018,2722,-1.2694958287994198
82.0,2019,2374,-12.78471711976488
82.0,2020,1526,-35.720303285593936
82.0,2021,1619,6.094364351245085
82.0,2022,1862,15.009264978381717
82.0,2023,1457,-21.75080558539205
83.0,2006,4807,
83.0,2007,5613,16.76721447888496
83.0,2008,5654,0.7304471761981115
83.0,2009,5790,2.4053767244428723
83.0,2010,5666,-2.141623488773748
83.0,2011,5347,-5.630074126367808
83.0,2012,4986,-6.751449410884608
83.0,2013,5288,6.056959486562374
83.0,2014,5248,-0.7564296520423601
83.0,2015,4606,-12.233231707317072
83.0,2016,4583,-0.499348675640469
83.0,2017,4574,-0.19637791839406502
83.0,2018,4161,-9.029296020988193
83.0,2019,3654,-12.184571016582552
83.0,2020,2614,-28.461959496442258
83.0,2021,2957,13.121652639632748
83.0,2022,3210,8.555968887385864
83.0,2023,1763,-45.07788161993769
84.0,2006,15184,
84.0,2007,16148,6.348788198103267
84.0,2008,16223,0.46445380232846173
84.0,2009,16970,4.604573753313197
84.0,2010,16032,-5.527401296405421
84.0,2011,15486,-3.4056886227544907
84.0,2012,16510,6.612424125016143
84.0,2013,16857,2.1017565112053305
84.0,2014,17762,5.368689565165806
84.0,2015,17515,-1.3906091656345008
84.0,2016,14899,-14.93576934056523
84.0,2017,12104,-18.759648298543528
84.0,2018,10201,-15.722075346992732
84.0,2019,10064,-1.3430055876874816
84.0,2020,5912,-41.25596184419714
84.0,2021,5721,-3.2307171853856564
84.0,2022,8453,47.75388918021325
84.0,2023,4875,-42.3281675144919
85.0,2006,10655,
85.0,2007,12379,16.18019709056781
85.0,2008,11853,-4.249131593828258
85.0,2009,12271,3.526533367080064
85.0,2010,12501,1.8743378697742648
85.0,2011,13727,9.807215422766179
85.0,2012,12360,-9.958475996211845
85.0,2013,10631,-13.988673139158575
85.0,2014,10846,2.0223873577274007
85.0,2015,8586,-20.837174995390008
85.0,2016,7893,-8.071278825995808
85.0,2017,7132,-9.641454453313063
85.0,2018,5913,-17.09197980931015
85.0,2019,4866,-17.706747843734146
85.0,2020,4008,-17.632552404438965
85.0,2021,4028,0.499001996007984
85.0,2022,5522,37.09036742800397
85.0,2023,3174,-42.520825787758056
86.0,2006,12433,
86.0,2007,13269,6.724040859004263
86.0,2008,13193,-0.5727635842942196
86.0,2009,12490,-5.328583339649814
86.0,2010,11026,-11.721377101681345
86.0,2011,10093,-8.461817522220207
86.0,2012,9629,-4.597245615773309
86.0,2013,8255,-14.269394537335135
86.0,2014,8890,7.6923076923076925
86.0,2015,7009,-21.158605174353205
86.0,2016,6191,-11.670709088315023
86.0,2017,6088,-1.6637053787756422
86.0,2018,6244,2.562417871222076
86.0,2019,4936,-20.948110185778347
86.0,2020,3365,-31.82739059967585
86.0,2021,3372,0.20802377414561665
86.0,2022,4528,34.28232502965599
86.0,2023,2650,-41.475265017667844
87.0,2006,5440,
87.0,2007,6461,18.768382352941178
87.0,2008,6352,-1.68704534901718
87.0,2009,5893,-7.226070528967254
87.0,2010,6119,3.835058544035296
87.0,2011,5985,-2.189900310508253
87.0,2012,5059,-15.47201336675021
87.0,2013,4489,-11.267048823878238
87.0,2014,4212,-6.170639340610381
87.0,2015,3986,-5.365622032288699
87.0,2016,3461,-13.171098845960863
87.0,2017,3222,-6.905518636232302
87.0,2018,2699,-16.23215394165115
87.0,2019,2221,-17.71026306039274
87.0,2020,1453,-34.57901846015308
87.0,2021,1673,15.141087405368204
87.0,2022,2161,29.169157202630007
87.0,2023,1501,-30.54141601110597
